TRUNCATE public.acl, public.action, public.device, public.device_data, public.device_type, public.mqtt_user, public.scene, public.scene_action, public."user", public.user_device CASCADE;

INSERT INTO public."user" (id, name, email, access_token, access_token_update) VALUES (1, 'MartinHeinz', 'martin7.heinz@gmail.com', '5c36ab84439c45a3719644c0d9bd7b31929afd9f', '2018-12-24 10:23:54');
INSERT INTO public."user" (id, name, email, access_token, access_token_update) VALUES (2, 'TestUser', 'testuser@domain.com', '5c36ab84439c55a3c196f4csd9bd7b319291239f', '2018-12-10 15:12:34');
INSERT INTO public."user" (id, name, email, access_token, access_token_update) VALUES (3, 'TestRunner', 'TestRunner@domain.com', '5c36ab84439c55a3c196f4csd9bd7b3d9291f39g', '2018-12-15 15:12:34');
INSERT INTO public."user" (id, name, email, access_token, access_token_update) VALUES (4, 'TestRunner2', 'TestRunne2r@domain.com', '5c36ab84439gden3c196f4csd9bd7b3d9291f39g', '2018-12-30 15:12:34');

INSERT INTO public.device_type (id, type_id, description, user_id, correctness_hash) VALUES (23525, '12ef8ea3-ba06-4aa9-904e-d5a9f35b09c5', '\x674141414141426359414a6c4e31416e364e63634939492d484239727a47636d4a64334c73736d7361676b5a2d543957634a4a6d376a7a747a57647258346a4c546f635a54647549737077595a4c7149526964394c5536624a496f453475565858673d3d', 1, '$2b$12$Efynt3ipGsBunG4cHNPoTeB6UUYPCvXjfvBOq20UQsgsQvYKcuT4G');
INSERT INTO public.device_type (id, type_id, description, user_id, correctness_hash) VALUES (12452, 'dbb028df-87e7-452d-b160-19e03d93f239', '\x674141414141426359414a6c743165526e6e4e38614754485139715662645537762d61304a694765616e384f31785f6b463457635770416a33633146445031414636556a75686f586274496f4c586658477462694c6f336a4274526f59536f4e39513d3d', 1, '$2b$12$OZn3zWW3g4PfVfG7atrtvebgGwezUPeQOb1xTXFrFJTNnNbwzoheW');

INSERT INTO public.device (id, status, device_type_id, owner_id, name, name_bi, correctness_hash) VALUES (23, '\x30', 23525, 1, '\x674141414141426359414a6d5f59575a6e66697776333479586c69464e354a576e785232532d726d79664d4c622d6d343532746259496a6959544a6f3239545544325261657135686f576648563874664438643276534f464755797538797a6b54513d3d', '$2b$12$1xxxxxxxxxxxxxxxxxxxxuZLbwxnpY0o58unSvIPxddLxGystU.Mq', '$2b$12$oHkp8uoTUCLF7NJdBOolue4YIaJhle.r.eeQn0i.EfvUHqtCV/rNC');
INSERT INTO public.device (id, status, device_type_id, owner_id, name, name_bi, correctness_hash) VALUES (45, '\x30', 23525, 2, '\x674141414141426359414a6d6e475a4b6a4b457333375951325f795a467554446850695a486f36446c3561525765326536542d5865466c6e4863754b3878314f6c6e37316952466a725059553931746e6a5a77703434676c49762d4c4b43424359673d3d', '$2b$12$2xxxxxxxxxxxxxxxxxxxxuUvk5iqq7yxVSBXWMofTBLgEj3jXioHu', '$2b$12$ZuD3kAg8fFUSNysn7drwiusv6CdzMZ27gZS745LHOPO9V2brBlCZi');
INSERT INTO public.device (id, status, device_type_id, owner_id, name, name_bi, correctness_hash) VALUES (34, '\x30', 12452, 2, '\x674141414141426359414a6e495f44453966667239684d79673065536a4b43656e48457a46675367376438504f386943354533636a476671794f33455a75755361754a7a7a41384d784e6a6c5249627635436f574967563668325f5a6170784e4e673d3d', '$2b$12$2xxxxxxxxxxxxxxxxxxxxu9vIxS.wvIOPeYz88BA5e/t3FlezwvUm', '$2b$12$wzmxQfoO.vWMkXbYOcaLHeoPp83aBEF7Br/3GqDTUiVAyDhOe3oS6');
INSERT INTO public.device (id, status, device_type_id, owner_id, name, name_bi, correctness_hash) VALUES (37, '\x30', 12452, 2, '\x674141414141426359414a6e3856444f4f6b4b6d49544762747a5f586e70625271494d64626a3678413530346e44594a6d483446734d2d364177693543635f4e3276392d4d6554384a5f6e4d6c387544415239675f4b663670344a45736d685169413d3d', '$2b$12$2xxxxxxxxxxxxxxxxxxxxu9vIxS.wvIOPeYz88BA5e/t3FlezwvUm', '$2b$12$G7sYdQPOushH1NMsYKji9.i22Y40qxGxoYfr0IX7cKFG14skGN6FS');

INSERT INTO public.mqtt_user (id, username, password_hash, superuser, user_id, device_id) VALUES (1, 'd:23', 'PBKDF2$sha256$10000$a0HFjEn8VZe04CxJ$Zd2UxhyYvlY5wIqycui58jCKVsNxL1MQ', 0, NULL, 23);  -- device1_pass
INSERT INTO public.mqtt_user (id, username, password_hash, superuser, user_id, device_id) VALUES (2, 'u:1', 'PBKDF2$sha256$10000$8dd35yJLqjFIpeMO$oQwtPcs4FhcZGihX71LtN6fm+yVWcb4v', 0, 1, NULL);  -- password1
INSERT INTO public.mqtt_user (id, username, password_hash, superuser, user_id, device_id) VALUES (3, 'd:34', 'PBKDF2$sha256$10000$+tYVrce5IvbOPREB$haW4Atpabx2giJEeDBwaMIvKf3KNNop0', 0, NULL, 34);  -- device3_pass
INSERT INTO public.mqtt_user (id, username, password_hash, superuser, user_id, device_id) VALUES (4, 'd:37', 'PBKDF2$sha256$10000$1RDrXIISPQKSfLvh$HXv5bYEQe7NepGBLmdp6rOydxuETaWNb', 0, NULL, 37);  -- device4_pass
INSERT INTO public.mqtt_user (id, username, password_hash, superuser, user_id, device_id) VALUES (5, 'd:45', 'PBKDF2$sha256$10000$kOVrAa3VULOtlcxS$BP686anaevC7t2hwxCzfvo5UaxOp1+YA', 0, NULL, 45);  -- device2_pass
INSERT INTO public.mqtt_user (id, username, password_hash, superuser, user_id, device_id) VALUES (6, 'u:2', 'PBKDF2$sha256$10000$NsPHhalfv7Asj8mw$jRzH8ZEMh0B5oKPo2vRhcwhvmk0UIPgC', 0, 2, NULL);  -- password2

-- FOR SERVER USER AND DEBUGGING
INSERT INTO public.mqtt_user (id, username, password_hash, superuser) VALUES (7, 'admin', 'PBKDF2$sha256$10000$J8N0E3qluPAwm8uN$n8jehANuh+6ddOtNmopG0Jem79LzV+X4', 1);  -- password
INSERT INTO public.mqtt_user (id, username, password_hash, superuser) VALUES (8, 'testuser', 'PBKDF2$sha256$10000$qu5hXEoBLNeKuzR7$koo7Ozny5dpZE8Vy8GZVi6kcMvWVPrs6', 0);  -- testuser

INSERT INTO acl (id, mqtt_user_id, username, topic, acc) VALUES (17, 8, 'testuser', 'read', 1);
INSERT INTO acl (id, mqtt_user_id, username, topic, acc) VALUES (18, 8, 'testuser', 'write', 2);
INSERT INTO acl (id, mqtt_user_id, username, topic, acc) VALUES (19, 8, 'testuser', 'both', 3);

INSERT INTO public.acl (id, mqtt_user_id, username, topic, acc) VALUES (1, 1, 'd:23', 'u:1/d:23/+', 1);
INSERT INTO public.acl (id, mqtt_user_id, username, topic, acc) VALUES (2, 1, 'd:23', 'd:23/u:1/+', 2);
INSERT INTO public.acl (id, mqtt_user_id, username, topic, acc) VALUES (3, 1, 'd:23', 'd:23/server/+', 2);
INSERT INTO public.acl (id, mqtt_user_id, username, topic, acc) VALUES (4, 1, 'd:23', 'server/d:23/+', 1);
INSERT INTO public.acl (id, mqtt_user_id, username, topic, acc) VALUES (5, 2, 'u:1', 'u:1/d:23/+', 2);
INSERT INTO public.acl (id, mqtt_user_id, username, topic, acc) VALUES (6, 2, 'u:1', 'd:23/u:1/+', 1);
INSERT INTO public.acl (id, mqtt_user_id, username, topic, acc) VALUES (7, 2, 'u:1', 'u:1/server/+', 2);
INSERT INTO public.acl (id, mqtt_user_id, username, topic, acc) VALUES (8, 2, 'u:1', 'server/u:1/+', 1);
INSERT INTO public.acl (id, mqtt_user_id, username, topic, acc) VALUES (9, 5, 'd:45', 'u:2/d:45/+', 1);
INSERT INTO public.acl (id, mqtt_user_id, username, topic, acc) VALUES (10, 5, 'd:45', 'd:45/u:2/+', 2);
INSERT INTO public.acl (id, mqtt_user_id, username, topic, acc) VALUES (11, 5, 'd:45', 'd:45/server/+', 2);
INSERT INTO public.acl (id, mqtt_user_id, username, topic, acc) VALUES (12, 5, 'd:45', 'server/d:45/+', 1);
INSERT INTO public.acl (id, mqtt_user_id, username, topic, acc) VALUES (13, 6, 'u:2', 'u:2/d:45/+', 2);
INSERT INTO public.acl (id, mqtt_user_id, username, topic, acc) VALUES (14, 6, 'u:2', 'd:45/u:2/+', 1);
INSERT INTO public.acl (id, mqtt_user_id, username, topic, acc) VALUES (15, 6, 'u:2', 'u:2/server/+', 2);
INSERT INTO public.acl (id, mqtt_user_id, username, topic, acc) VALUES (16, 6, 'u:2', 'server/u:2/+', 1);

INSERT INTO public.action (id, name, device_id, name_bi, correctness_hash) VALUES (1, '\x674141414141426359414a716a5a794d7451516962474941394e6f5377466b664859594265776a2d6b6c77726754726246676d446c6e38756b37344636546d694c535854514f536262495564307579666166653975385363757a744d635f796859773d3d', 23, '$2b$12$1xxxxxxxxxxxxxxxxxxxxu0K.5ax3yJ0v/fpl9vxvL75NlyxqIOxG', '$2b$12$HhRXtnwZO8yc2DSdHgjL.ORok98m6.3sF6yDhI.uokJSKGoA7uEGC');
INSERT INTO public.action (id, name, device_id, name_bi, correctness_hash) VALUES (2, '\x674141414141426359414a715361557a4872486655397a5751742d394e4b646a4174724358536549505f6a504c6169694b576a414772773972736631546157724d353949427833775445477175564a50646e3972365a66534c763941446c656241413d3d', 23, '$2b$12$1xxxxxxxxxxxxxxxxxxxxuz5Jia.EDkTwFaphV2YY8UhBMcuo6Nte', '$2b$12$o/H4BWhAHD678EHuAYCWB.DkLglRvPML6xhraF37WCD5vW7M8HOTK');
INSERT INTO public.action (id, name, device_id, name_bi, correctness_hash) VALUES (3, '\x674141414141426359414a725f505f38453453306e575446552d7579476b3874334d44657842354c7a4e47484b423672645f70774b7759343162544d5959714176757863724370334242597768374649344636666b73774d4d354a41464d636d71513d3d', 45, '$2b$12$2xxxxxxxxxxxxxxxxxxxxuX8WVpwRXwSKCMut/AzDWhKdjjjSz7VS', '$2b$12$Asm0IjTsgGQwO6efRMORMuUSXirCWwQd871mSjKbwz7ZsUoYtzRe6');
INSERT INTO public.action (id, name, device_id, name_bi, correctness_hash) VALUES (4, '\x674141414141426359414a733877437a7966456448474f3354556a4b2d45655378442d774645674347593858465f6b45786d7474727a556a4d2d59464b55617953726338794c4a4738555865327a4c744772374c50416c35787957373536587363413d3d', 34, '$2b$12$2xxxxxxxxxxxxxxxxxxxxu/OSAIfbWycijeDQl.mejDOu.ceObBVS', '$2b$12$oGbFOkf8fObgY/jnxr3ujeCaPWDxhK2L.TG8dUGpv1ISdHEBGxWhi');
INSERT INTO public.action (id, name, device_id, name_bi, correctness_hash) VALUES (5, '\x674141414141426359414a734a486369387a7a4b45323332505949582d487737346c594e45745f663745636575726f44717030705748474439365f62614c4532746c5165466c4652656e6d706d467774425a51624c4979426641506142586e6c2d413d3d', 37, '$2b$12$2xxxxxxxxxxxxxxxxxxxxu/OSAIfbWycijeDQl.mejDOu.ceObBVS', '$2b$12$DQMJ8iCcXX6RJX0FzrEKu.ABiVQBdYKRtlMsZebhhiNOQF3bV33YW');
INSERT INTO public.action (id, name, device_id, name_bi, correctness_hash) VALUES (6, '\x674141414141426359414a726446544b3167576c4f4b47796e34514357436f7a4171795242686451517078536c486637495a74374e2d37324273376143664e4c4a7432446c38737a5265506b774d546654785f6136484c746c31423155534f5148673d3d', 45, '$2b$12$2xxxxxxxxxxxxxxxxxxxxu/YL3iUR.GmOBP7qmFnisZpldYQowgna', '$2b$12$CLrsGDGi1893iYDExzjH1eGDmdQirvCzmaS38chtjIG4nZDnWP.Qe');

INSERT INTO public.device_data (id, tid, added, num_data, data, device_id, tid_bi, correctness_hash) VALUES (6, '\x6741414141414263624543685455626177572d6a5a654b774b56455f456431656d5143526c5f504a69356a31724e52455649646c4b4736303475326d594641326445446a7875696648594169386842696a6f6a77765f62346151326a5774587041773d3d', 2116580122, 464064, '\x654a79565664744f323041512f5a58497a794474724c3058492f474141714a49705265563971464e46635847304b687053346e705259682f373536354f486b734430363836396d5a4f57664f7a443557505656487338647176687a586d2b75423335664c667250616270664c73717136762b4f777251356d5a66665861764d77384f366e5141657a6b41396d795a656e50706952692b576c7759767535764c667475552f594e4f567a66495355316e34386a563432654246677250694a4a657673666a4a6a5836454c2f4c6c4c4248634f2f6d304634754e344a4f536d6a636c4a4a496a38766842416d57566b534c78647043304773514b6c6a7a694f4b3868624d4642412b4b5145304e457a36317553457832366b69634552576a594e6b6841384352564a77685550524949485057514e73616f6d67555a6a45484c3033617079477a4353426b52512b3867734d726561326b676551427631483332576b387068334669466b7375464a5a6978516b517a78796773536c49417161427863564556412b3869514f5170494d2b53426f516f5467647254414558416a34576a346d6362415844563652436e69476b6345643758475a4276777779394d444277444a494e334f2b45684733355136616a4275507857397553736946375a446c7a367245696c49454746414e7152744b6c48556a474f6d4151554179625a7a6f42716847544132634b61647041564347533967362b6d33584d4c73646c2f734561536d6c6739706935697631486c454b777a51476f32345576446b4555517658697044354e4e3765656e3075727a2f7830443347315a6547394e69575355684832317348366443564261744a5a455736656e6c44722b674a4e6f57326b6c6a51486f4b4232554e716b446659444e6f45394b45794e546c366a4453494c764c774f6b5131382f46366c496c6c515a316949734a314a646364646c6e52544f476f516831474c424d6944724671634c6e57537476654548776846424e676f446546437a4e696e41514e4e354a36744d4f375143392b375a654c6c6c6454676b485167494b2b4d7679497a6e5a4e6c5361352b566b365243527550794357386a424b43773031704c4a364f4f65335961326c4552436a43645a38776d4635516c525650504a62305a2b446278306c584237345a325570366a58524e5a70334730476b55724150644474416c68352f4f4f575a346a794448615a4a4a70574f39423162736d616a737a7a756e62704234704b746e6b4e724a59344a50796f315a594246337276644e4d4e346464696d516a4a706e677071354836306b62524c6d52346e546451474a5a44775a547a553435647a38323678374e556d33482b79506f5a306148352b2f50336c334e434a4a5a6a655039756e75416749706d4a714f4b75367a334c4c625635745963764c67386d532f6676546a784f5074744f2b302f4c7171546c2b654c7369795a4c71724c3136646e574867734c6a3767645647465639335976456c2b6243362b756f2f6862542f765076373566587938714741315839393947653676686a2b6a574a2f376e372f54786666426e39376d69772b3171372f326158344c36796645766c3766447476527772732b687146763867335637726f4a546537386a652b364841714865636a646a552b727a71642b754935743033557568543732726f356437494f724b565a50542f38413559626733673d3d', 23, '$2b$12$23xxxxxxxxxxxxxxxxxxxuN5X.DMkHilBYQSsUWodebAG.asbqKNa', '$2b$12$WILVFXpboPUvJjLvlTvFKOljeF4mrcs2dbXPuL7mAVIz5grBjmkY6');
INSERT INTO public.device_data (id, tid, added, num_data, data, device_id, tid_bi, correctness_hash) VALUES (8, '\x6741414141414263624543687169793367486d635f32445445337255544141316579564269345a3154536c3739566c6f4d646746425079386d5963456f634736457150745830466d6b7153516e7051655445356c767a774d554e6264764a595f4a413d3d', 2244039737, 466263, '\x654a79565664747545306b512f5256726e6f32323778636b486f4a426842577757704a6c5266444b6d6b7a477757433055577a594a56482b6e54353147667352486d625533564e6456656655715a72376272446434396c3974316a744e3975726b646172316244746437765671753236792b2f376364664e5a2b333057372f394f744c7068326a6e73316a6d73397165584e76617a4766577456664f37556e7a576346684d37495758797a4d4852594a727944666a4748446b4c4670726d4a734c75476c694265596d335959417a736f525379744c57786d7257636e53434e347a6944425639596f557969505252623339546735636d64744f36745a46745935666345444547615947796351364a5744594335482f72476f5665476179526d51554b51435a2b306b57366151714c4d3238676d6c7869664e653345434d744a744a792f7351754867464e685a355176554a79586348314b6e596e6e4f46516134716f7958504b45797a4238685534494a43627944486936584f475138565464754968547755446e5044784a494b45336b68354b4b516867526e6f7167734361784c5570596c51664352614c49516d554a79716c547051467a314a49523653514e7a346c445256776b355279374d4e58485a72596c634645534a6d4d71566d464245636e6b326d70717834475966383845736c714d79446e4a773749734c4a4b69477177536833544132447a6e444f35513635516d646a504c4241366f4e365248737056615a616b49516f55694e38416c575773586c7170694e7765422f665051756e337873354d413745567456383831553737526a6a6772536b4b533369534955797357545943306b6156366749497672476c52424d744b70384a304356536a47715258756877354d7537517570306c614d7779757538457a7a35792f70647843747355546e425332554577694d554848694b6952315150467068644b45574a6f6f766f465a426f303572414245495453565841513071624f5567445531796e6b323061544d53494147576b4e37384d46636f48564a5174535932516139556f4d656e4d4d5378424c543677497864576b6a2b65717a4c514c41504443436e534e4e6858476544674b366c336c4a67614c2b695930516c495a76465952314647644370487059685a4f4757547956575554644c4a6b795a585872764461664a4f437032724b692b7048336551654a4a6549395536336e4e335a6659507846483055755648435456456e667846386341366130626375394d5055386366705765306a65576c664a50493945635a44722b58716d725266714e646c71464d4c57495079726e356437735a30436664626e2f374750715a325563762f6e702b646a367a6b45792f333939754c7239435145307a6b31464844545934456c752f76565948703639504671757a30784f4875313932302f6e39736a743539574c5a746932585a6666366a32665073584859764879483562493776796a664c6861664e3364766e7455763733372f374e372b7662763537386d545a5165727865626d343368375076362f5a2b76397034556438702f7834756e373332374c37755877357456644f59483141324a6662613748335637446d32707a5469484866687a58396172346f632f5a444e373579394831795a74317a4f4d516572634f34397237344e65443759744a726c2f374649624c377548684237584c3464733d', 23, '$2b$12$23xxxxxxxxxxxxxxxxxxxu.ZfhXcDxDatkjrxC5f7I1S9D0G9uMI.', '$2b$12$e4NfTZ70rKp7GMDuNA1r/OnXsIeobziHHx93Re2zyWtuabKDjvIFq');
INSERT INTO public.device_data (id, tid, added, num_data, data, device_id, tid_bi, correctness_hash) VALUES (4, '\x674141414141426362454368644d636a5f307a2d4330474c554155563139434961445468754b4335454e4d565061642d71386175695153374c4b7535536f5a63304945506a37764b4d5f3444325273713132645a5a73515270464d3966444b6247513d3d', 2328646538, 471232, '\x654a795656637475473063512f4a58466e6d6c34656e6165426e79674755474b456345774c506b5642735175487a59524f685a454f72456a364e387a3164307a316945482b3744677a6b78765431563164664f755831502f704c7672463676542f72445a387674717454364d782b4e7156566239394f32305066617a72757a2b5052362b62486e3364302b7a7a71645a6c2f4f73533367507338344e73793569727a7975374564666673733755546c4d35544445736a4242496d4a5a4a4e374177705a4630464e76394a7451457642466737776e49306d4a2b4c7479525369506a334a435a4f52625a4d6342475666696b51644a6e655468614f537746702b55304b52517952674a4a5676757a4c6a4c79516e513864704b63675958533142797770714a305941636730446d5a4553616946396b697a4756504a473376536a484767425656516d62774a577a356f537553666b684d4454316c434f445a745a345964525578655534706d756c497436714145677256596e3149694e6170566f454c676b5151786f70707a4c6e45344341415a4a476b43454a34394b6f674c67434b5643416c465233775a5a724b52684f53784431436b4a7849456f53555a674c474c4c6344457570676f7233443167773556524c5a72522b6e4436706f566a56516655674a3646595148763445594238395962497031574a53684e4967362b557242464634444b7548572b516773453349424c31617041424f583771463651327945306e7544336f56586879724332415749627361746434455a6a315536536f704c5344312f4c4761722f3478333170374d57504e6a32346f2b6d6a6469795551592b49516c6264794c5a775178504e614c464141545756376a4f5662686246754c41516d45556858516a6d326878526569756f35646779516a7470597a754a3571796f536942682b49307030694d372f4378586356463148567378564c634f3670716758635154444d773431755657514c566d6131704b4430594f474c4344774e55334f7a6e31533669687259744e74516c336b4b7173777843456866484e54314d47454641574d44725947516a664669744738584c575373765948656f343046475a5737395541586851614b386c74616b506c613132426a7642613565796c434446493476713644424b48477132374e4c6a7045704976696a7149594d634e2b79702b73594942682f72634c4271316a722b755a4a6532616632353554562b4e554262653644586135746e522f3071306c31594f7563446d70383652545348466c6e49764c674a4e642f466a5173643354314f2b795671676c77486135713643424d4e763958797a72672b513856574f69376132342b482f5a723945702f504e302b67586336656e522b66666271716950595a547964627666544635696e2b4b55463964786b6138744747773866616f4b4c792f6c693965706962764874703250627631763238392f4f6c32565a73437a377978652f6e47466873666a314e5636582f665478664c35376e50393948352b64376438747276366133762b7a6d5439397575775274646a66664e7a65586d322f6e695461304d57665a792f66726b2f4467533676337a782b38587a333570716a373348335a763968657a7731586d3461526a394f655853624b546f2f62615a7074317537744a6e53754361614272734a786f646433495578476c506931754e45646a49445257656e2f76372b503432623339413d', 23, '$2b$12$23xxxxxxxxxxxxxxxxxxxuSfVK9H/a.JO/whZHvsU1Q39d26XzS/6', '$2b$12$MnHkVY51Sz2.f8zGa3Up8uS.t.nUP.Iw21JdG4zJwkr00XQkIp.j6');
INSERT INTO public.device_data (id, tid, added, num_data, data, device_id, tid_bi, correctness_hash) VALUES (12, '\x6741414141414263624543684c637a4d6830425058537036743062356d75476b546a64717a75566967716b417966576b42516445736f76724431474a4c6c4c3834342d344b4f774e5437796c76444a564c4a774530467867535f5833416b694678673d3d', 2893054513, 468360, '\x654a795656647475553063552f5a576a383471525a75624d46596d486b4b49454b536d58414332716b5856696e365175526b316a6d30436a2f48746e3763755976734844736561795a312f57576e7637766c2f612f6b6c33337838766475764e61714c31597248636a4e7674596c46332f655733336254745a3130392f544a7539684f642f6848737241743531715579363677645a6c313239597631494e5376377133787336355543342f4c784a646b61553168733142506372587943546365502f446d6a4c71734d524a65475963544844754c46646e58733067757136644d37386771773337673041695171743955582b57367a3048323155454d456755526b44796c4259382b533167454b306c7a53424972796d4f71532f5046416c44676253426e434a58354b2b4b59484d5973426557427631412f582f675a6643636e426f4349696b49706c433579594c41696532594150447641517953467a31724c324d624354304955634a4a67676b744b434f427737525169716f50496965655744764133395363594151305353417752337061696d614571595438334d68754868674a6d5153427278556b34536f776b6e486a5a55315a496d4d674c584e47424657414538324c454679736f5353584d6e475753776941794b7970636f6f6f3473314730512f6f4672454645485979694a776b675138354d6237494554356f52386731713473762f454a415949656a4743436c4e4b55376149783361494668426772413177686f3141677535715059534b346c306c7a6b77516e45566a5a416b58454169795839387143312b2f4b507454344c4e333455494f6771534e7669683356564a576d315559594d4d71496530614655577a457a674b38355a2b706230477277344a683057786f666534425a4241425330523471316f75786f75634a76564b4a3937496166725a5667314761424e48324c595468776c6c61574364586b4a704f433067676945616a4f71775a7047736f38494246465872506d724935486f454d5a574a554372564b626f59585a524b3163374d3150567774555557335576694e4a4562524f2b315a497036537944426a6d526b63506b5753436a706a49685042554c453235525671414e576c5a2b31456e6c51774b4161376f334f4d353736527578624d494a775139534b48356231546d53564b695a356d666f4a3753364a504f612f38335454773830695245626c566f42396c426d3948776f73683442492b78744246687864377076304e6f30544c443266374e6f6d4238614f3073666c4551626d6b34536e64515937515a427a775a61692b674a4f304f78363143734e4a774d6d774f43484552375545354e333976316b753053722f6433543642666a72372b4f5464383475336e59566b78743375646e3235683443715a707052547a32326443533263584f74446b37506a34345846366448446d382f623976352f62772f4f6a755a3132334e5a643666762f7a6c4f54594f6d786676735a7a3371302f2f727339657676743148393455632f372b742f335a6550723739644f6e38783557782b7562503666627439505848567466502f74772b38704d6639303975767538333856507238772f4679657659663241324b76313962546461666a7061706b48343465557838765272775933756d46356c574a797137464d4b3566475956704e50706f77326d6d597a4c53365374505635644b59456b7032766e39342b412f6b56654b57', 23, '$2b$12$23xxxxxxxxxxxxxxxxxxxupooniyevX3UXhzktSF2tYwePP7PnQ6C', '$2b$12$YuNnxX46X.6508gaqA6pFOrYAFQdl0V2P6GL/p.bDv6CsNmYUvtpG');
INSERT INTO public.device_data (id, tid, added, num_data, data, device_id, tid_bi, correctness_hash) VALUES (24, '\x6741414141414263624543685843646731306c68656447752d746474627041614d324b4b7377314e33734c346e3467352d665a684957454b6a6b6e58566f7664754f6467415f637375662d43654f577a44497573635368556c51456d426d5a7332413d3d', 3312294332, -356708, '\x654a795656647475303041512f5a58497a30486158587476534478456f525151563947575731446b4f4159434155726a516b765666326650584a7738776f4f743366584f7a4a6d5a633859335657657275354f62617234634e747431542b766c737475327539317957586256366e726f64395630556b352f7464764c6e6b3766657a75642b4453645742507779744e4a776b6c357243326267465072394b5263444f564a45527454586b36506d376f635a37676f4a774757666a714a5a5a334b74656a45426b466957545446497061316c3357713455747632574b61697776762b546235744b6273664c464a4468735932504c4e4e2b7a466d69517577676a4f4f48484771535147346d7342416f524152356668417764556a79676d4874684c67466a574f62494c363342596338614d4130574946444165516b73436d4f4876797755483842774f6b30476543455757464277426f35576d574e747754617a56734e464a316c77694a3563594247496b50786169356b4c464a41554a65364342643767635277506361654c593335713752504570454c554b49524a584b32764d4267527170464a41516c377376684545703247575253555973736a696a677268786b53397468615749576c7a416c634c7651527164433672367a68577759354a5a5830523870726a356a545732334a507465454d316d676f37365155794161734a45736a5171477656706e463956505a454b55614e6b4a327243646850417a426d39526f37366a756d62754261674e4c7948716a6c673436346569346f645249676676434f633245384c67507430583538332b64437344415530474a546e4b495847586b71524950796f6c4734456152687a3673734b6a345266425349612f69466252346b765941477156426f6354786a62534b2b322b5a52595445636e37586c4b4437337a5354344363635874515152414e6f472f5a4a4c39437773717256704f726b4a41376b354932494e2b686f705252726c62515230734547445537685946364d4c4d7a6142717032795a4d5450662b2f544948463636416c2f38493942442b516946454f4f556d50766775525354776b4d65696442376f524e306c706f4175365445794a6e41534e4f3876526544544a6874737178594d6d574a645a3535586c4c36786d715a4558736a51365a78676245636f646a6b4e63524e4a355243762f4a42484f57476f4e785439437a6a544943796c456d542f5a61486d4d7541576e5556387741577349463769387a74656b4e596c5a5141425645444e4b6e2b646372634e682f4158584937527858766e44397368484a39474e2f4451445977316561624f6e7a766d503761614454717264634848585464796434394f6a567964675444734d463576564a6668544b4d50664b784a577830527274352f55384f485432587a353675484d77664462626a792f5756537a4a38654c7369315946745854352f65507348485950447244636c483937474a2b344d3965587830646e3736392b6d37507237384f6a32663337693071334a70767a6a2f334679663931634333332f7a2b3832302b652f666a366e4d2f652f4873355a66374a382f4d514c6476455875392b64547642673176664b6a377a6e6432335a672b7263317131665a394d757332655a2f61786e5472726d31742f64476b5a4f74326c565a685a584f2f4c69624f4631577571747662767851693436673d', 45, '$2b$12$45xxxxxxxxxxxxxxxxxxxuNP1qU0EXzry70k27s3PBqFAsMUd9qMu', '$2b$12$.ODMvFfLlKsbnNL1H5/NaeG2KT0PbFkTOX9OJy/V9tt.zgZiAMQ/.');
INSERT INTO public.device_data (id, tid, added, num_data, data, device_id, tid_bi, correctness_hash) VALUES (25, '\x674141414141426362454368386141423944413445314c3951504e37512d726949434738615774616144566d366d7148365f72646b4b5552704d775075537a5f7458475a6463426f476f76797750345f70596f6a3845442d54715f797934746e72513d3d', 3317305869, -350734, '\x654a79565664744f323041512f52584c7a366d30397773534435474a41416c454b364374326c52523841564351304678714970512f7232656d3450365646346337325a333570777a5a3861765a61334c672b4b31724262623162707038583278714e664c766c3873686c563538374a742b334a53444c752f6c2b766e466e652f657a3070664a6f557955324b6143614631734d6a6847466a324e514b467643694d7a79474d316b4e663845644f4b4a673030344b6832635472334b6b323744724859654d4559356b76687a70564d436f6b6539465253465448684d4f536252526c49305377434e6d437545735163567a5143543434646651415937724b524f756f6d597757696c4b7031556767684147627962436e684e4631416f764432385254696753536d736c346e683463635150554162414258654d5955456841674169425452784a4e694f59796450634c776c59736d795742412b736c415147645433584145734547524a5167743334415669524d385a55695451336b7452417745432b5a4c49683441555634474552366b447838652f4d6b48642f3431382b4246495061335476676a527366774b4b366e4a4641444e537a354b77325848796f72596e6774466f53327041654b68735253723435677156414e30512f63414970654a4f385954367753754b39513363533151524c515a496f51416147474a6968636858383555435567443467464b4b444857577965785643542b6147456b5a5269696b616f70547a74707237566a7a336b5751524634494f48396d776249516f2b6942665a346b6d34792b73647536504871662f73664579525743454a436b3543676965736e3753444770384a455273334347615a46446865516b6574416b5230354531784f746f2f5351457259736371676e2b4f70784333496f774d3767546d2b49456e7a58716f3433517946416d4a674c645464636d3947327163706b6267744c53744e664a47354767385a726d4f5557556b47474f56523478697962425671545a6c7655526f656c4d2f2f55435775542b386a4377627962486763716c5a49425a4956736b536550536d4f4664564d6744724763576e485151304f427949776c4d625a6f506b46753031786a305279444137587a443269744254633771576e754e49775469614159614f425566426249594d5978374b5754754e356e7567476a6e456e733962785679464a563372435237653152456649306e746a55386e51382f774a395049424751744b6d426b387a67636c73312b2f37647241376a4838765a42706e394c49495972564e654f4746513477646c636371654a38742b5355794e39656a41704d3964347854342f7256513064557662627a5945707a49666a36396e6c4652686c75643175566a6650594a76424b66522f695331566b372b57363175356548492b725261584a314d4446782f3663663931586b37506a756644636b41344c3838766a6d61774d4c41342f51797638374b37574e38753739786a565232642f707164666133616b3958443950427758734b706176563031323675326a39624f74312f7646393356622f354d6a752b66335466374f33507a6633314a7a693967397a4e367262747435492b615250614e746335657564644e4932786e636f32683661724778567131546c6e6d32567562485a643775704f3256536e59624f3538546f7655376e622f51586576393871', 45, '$2b$12$45xxxxxxxxxxxxxxxxxxxuMGd4oU8F3RlsUdmx0CEtLwGOMMmmvKm', '$2b$12$s7m.m6Wn1PX7bv1Y1iwlTO6kkjL8gjqtGG307sKiLAB2/4cncTGkq');

INSERT INTO public.scene (id, name, description, correctness_hash, name_bi) VALUES (1, '\x674141414141426359414a70367753725354636867336b616f4766706d746968475a4c4c784a37595f5a7853446c67593771616133554b362d37645a464c31343239557649683039795f456e4a3358396458485470727156726536735670414d51513d3d', '\x674141414141426359414a70593954316b4e4c3265692d686b7a6d346e467a436a7078554e39734e774436517a334e5763425556756d6548314238797646414c6f677a364d2d785f305431436876784d7545502d5744305731344b4c6f57736334304357736a6b647548634858676b5467347a484d67513d', '$2b$12$46M.LQQ53MUXONgH74K3MuaegzetgAPL/x1d6cQnJv05l8iY0xh6q', '$2b$12$1xxxxxxxxxxxxxxxxxxxxuu6vgMFXlStkb/wcrduAWfPJXkjFPowS');
INSERT INTO public.scene (id, name, description, correctness_hash, name_bi) VALUES (2, '\x674141414141426359414a6f484f56666872453458356459447767503478583132697239663768327832374a5a43586e3533545231314c676f58356365424e4e58446335747946332d426f357859435f5865746e54524c2d50503243376a6b4c6b673d3d', '\x674141414141426359414a6f625f6a5763437857546271674656573861705267624d78343041684374576348796f3750466c3579775a45325134474e7157325a37694a696d5378366d7533307a663654547a4c4e79592d5a7566684f436861707a5443476e5246733363677a344e3871447256796830727068696a71343551515a44462d4849714b4872576d', '$2b$12$O9921l/tEoDsiYq32BEyHOGiHFltQmApCblBrvXyVY8mo9TAY5a3W', '$2b$12$2xxxxxxxxxxxxxxxxxxxxuFf6FbODZ2N76WZRFjGnVHEA8kZXP.U2');
INSERT INTO public.scene (id, name, description, correctness_hash, name_bi) VALUES (3, '\x674141414141426359414a6f486f6e3776324c4c4f524a4e525830334b4f57545471756d597973336449616c38322d534b4a5763436131385434386a4e57533572395f524a6e7a462d31506635673339314141722d4a6965386c6a6342466f3868673d3d', '\x674141414141426359414a6f46454678534d4c4b6a6e3567633059362d4a4b7249726c316e4d7a3866567a34527766594f56417950364e746e33647573656f66337a564e61593246325f45305a70703056735f4e50724d6f66774742787465703548696b765f76526342704271727a72396154355961723664483366415a364f304d4a6f34526a3779696245', '$2b$12$7nYf1b//gjtlCrKfaeY7WOgIWuUbC/hu8K3BCUH2ssJtMV7RMFEfO', '$2b$12$2xxxxxxxxxxxxxxxxxxxxuwsiAgo8fzpMIz1qcBwfHAl71etW9umO');

INSERT INTO public.scene_action (scene_id, action_id) VALUES (2, 5);
INSERT INTO public.scene_action (scene_id, action_id) VALUES (3, 6);
INSERT INTO public.scene_action (scene_id, action_id) VALUES (1, 1);
INSERT INTO public.scene_action (scene_id, action_id) VALUES (3, 4);
INSERT INTO public.scene_action (scene_id, action_id) VALUES (2, 4);
INSERT INTO public.scene_action (scene_id, action_id) VALUES (2, 3);

INSERT INTO public.user_device (user_id, device_id, device_public_session_key, added) VALUES (1, 23, NULL, NULL);
INSERT INTO public.user_device (user_id, device_id, device_public_session_key, added) VALUES (2, 45, NULL, NULL);
INSERT INTO public.user_device (user_id, device_id, device_public_session_key, added) VALUES (2, 34, NULL, NULL);
INSERT INTO public.user_device (user_id, device_id, device_public_session_key, added) VALUES (2, 37, NULL, NULL);

SELECT pg_catalog.setval('public.acl_id_seq', 19, true);
SELECT pg_catalog.setval('public.action_id_seq', 6, true);
SELECT pg_catalog.setval('public.device_data_id_seq', 26, false);
SELECT pg_catalog.setval('public.device_id_seq', 46, false);
SELECT pg_catalog.setval('public.device_type_id_seq', 1, false);
SELECT pg_catalog.setval('public.mqtt_user_id_seq', 8, true);
SELECT pg_catalog.setval('public.scene_id_seq', 3, true);
SELECT pg_catalog.setval('public.user_id_seq', 3, false);


-- public.device_data.added was converted as `int(time.mktime(parser.parse('2018-12-11 00:00:00+00').timetuple()))`

-- To dump insert statements from database:
-- (You need to be in directory from which you started DB with `docker-compose up`, e.g. `/postgres`)
-- docker exec -it $(docker-compose ps -q ) pg_dump -U<user> --column-inserts --data-only <db_name> > backup.sql
-- docker exec -it $(docker-compose ps -q ) pg_dump -Upostgres --column-inserts --data-only postgres > backup.sql