TRUNCATE public."user", public.device_type, public.device, public.user_device, public.action CASCADE;

INSERT INTO public."user" (id, name, email, access_token, access_token_update) VALUES (1, 'MartinHeinz', 'martin7.heinz@gmail.com', '5c36ab84439c45a3719644c0d9bd7b31929afd9f', '2018-12-24 10:23:54');
INSERT INTO public."user" (id, name, email, access_token, access_token_update) VALUES (2, 'TestUser', 'testuser@domain.com', '5c36ab84439c55a3c196f4csd9bd7b319291239f', '2018-12-10 15:12:34');

INSERT INTO public.device_type (id, type_id, description, user_id, correctness_hash) VALUES (23525, '12ef8ea3-ba06-4aa9-904e-d5a9f35b09c5', '\x674141414141426355764e55585f774877706c424158546e6579567476456e395f68654e695163576e3679325f76574c76765378516451787033734c51386a58626152762d6a776a6c6c52696a44556d417a6c6549776c763768633844704f4776673d3d', 1, '$2b$12$lQMGXBhr79X3bs.18t6taOjHUpo1Rn7o1tpNhL1ZRfOfzwk.5Xo6u');
INSERT INTO public.device_type (id, type_id, description, user_id, correctness_hash) VALUES (12452, 'dbb028df-87e7-452d-b160-19e03d93f239', '\x674141414141426355764e553741376842423266694d76533846624e6e5042306c32797733776471745a782d333466476a455a767274456a78534f37786a4f4e35642d30747337455678325458746b6e5851796e565573366c384b596a2d374551773d3d', 1, '$2b$12$zLBfLtNX3E94vR4lfTtejOTq7DhmTYBI1qtG0HwpN7q1Cn2JcBGoG');

INSERT INTO public.device (id, status, device_type_id, owner_id, name, name_bi, correctness_hash) VALUES (23, '\x30', 23525, 1, '\x674141414141426355764e553352306673364c364e633562427962594f5a7034704838646f736436527764634e2d685538506f47496d36486d424d6f5a707546784d4858786451486164695155674c5556596b57306f4b5a614e766c4759415443673d3d', '$2b$12$1xxxxxxxxxxxxxxxxxxxxuZLbwxnpY0o58unSvIPxddLxGystU.Mq', '$2b$12$FFWxf9eo.7MSdxw2ZTUjguR1yZcbiWFVhgTGyxqrHsp7qq7fuSJfG');
INSERT INTO public.device (id, status, device_type_id, owner_id, name, name_bi, correctness_hash) VALUES (45, '\x30', 23525, 2, '\x674141414141426355764e5679693231794b4664636936644830695851394d43556c316e74783559367a667748426d307359727572534f7a3565586e466a6954715366415130655050786f737346514c31723764526a764769747554655261734e413d3d', '$2b$12$2xxxxxxxxxxxxxxxxxxxxuUvk5iqq7yxVSBXWMofTBLgEj3jXioHu', '$2b$12$XolxJ/C0QZKCdqP5VDkbbOZia5UGb8TNXZ.IAbMFnwfQCKPhv8Lt2');
INSERT INTO public.device (id, status, device_type_id, owner_id, name, name_bi, correctness_hash) VALUES (34, '\x30', 12452, 2, '\x674141414141426355764e566d703655536e3156584b586549466b396746784f584f424b6e395379736d38716d6b445a376e413372353738724448637331536e61675632436a35367a4e6a497a3847395f5757534134316e3776574e4a4f305a6d413d3d', '$2b$12$2xxxxxxxxxxxxxxxxxxxxu9vIxS.wvIOPeYz88BA5e/t3FlezwvUm', '$2b$12$uUfpUa5tNxYE4yNrKIP.aOd.6ZM96fComU7qKM/KzqfpyuDqHiv06');
INSERT INTO public.device (id, status, device_type_id, owner_id, name, name_bi, correctness_hash) VALUES (37, '\x30', 12452, 2, '\x674141414141426355764e576f75496563647937416b5753744b364578424a5538313841396a42376e63766d52623732757241686872656767794976306e77736e49726471684f493679467830347a304c35705a433033454e794d655059573847673d3d', '$2b$12$2xxxxxxxxxxxxxxxxxxxxu9vIxS.wvIOPeYz88BA5e/t3FlezwvUm', '$2b$12$Yr78iiUzFS1vJyViQywBdOcSXXcN7jv3WicIUZx3.4ax9Xc4Cw0HW');

INSERT INTO public.action (id, name, device_id, correctness_hash) VALUES (1, '\x674141414141426355764e576b5a75754f6346375a33636546416b466f6a55633867375747765f374a4e4e5f5a674f6471746e4b796f755776346c49786446735368547433414e485a61346c47535a466a6455375f2d714c42434e714f77386932673d3d', 23, '$2b$12$w6L5bmfWoP9rrbPgXwmV0OIk7eoCcGE5QrK5AR46qh6bcucL2F0i6');
INSERT INTO public.action (id, name, device_id, correctness_hash) VALUES (2, '\x674141414141426355764e57546d7a325651482d48626e6270346a486854745f7a597447454e674a6f2d686379695f3645576641567659776c6138457a5057613638664f564773516c56567a74734338674a6d4d4d527a345330665f4f36736a78513d3d', 23, '$2b$12$7152wvQ5Xxv4A9WaYU01zeYwZ9n00.24apSht.EpdyA0S0yIOveme');
INSERT INTO public.action (id, name, device_id, correctness_hash) VALUES (3, '\x674141414141426355764e58336b746366463648527a414b387931423734766a4666686e3447665a7331795064694e4c586c6b5a624d72513059465f6c6b336268486642534c716544626d6a476a44513353503159497941743143367a6b354469413d3d', 45, '$2b$12$j7zQEg2FRCZdPf08AkrEG.R9Dr0PyVGRClJBKSg.OFewv9cjREV12');
INSERT INTO public.action (id, name, device_id, correctness_hash) VALUES (4, '\x674141414141426355764e586553525241454e43614b46435742624c555179503176306e524451563536416a6b5941425163736c796e4d2d31584b4a51637965315234493459366d306f4a33794d6764336375315945434c626479304c7862346c673d3d', 45, '$2b$12$OoA4Rmr0/j/7ZDhMCiX32O1ryLjFMb9l.GQmREs9vRAvWk77iHe72');
INSERT INTO public.action (id, name, device_id, correctness_hash) VALUES (5, '\x674141414141426355764e584637736568305556655f49783753536c34367265724355764d42496754526d51696b4d506e5079787765746c7971764250344e32582d694857484a7175414b4252765f45626d78704337465a6d6e644a627a394645773d3d', 34, '$2b$12$4lpycYSMEm1sTP/bYKtFkuKr0SKxNXLvxkkqSy2nFBiNswQN1eZPe');
INSERT INTO public.action (id, name, device_id, correctness_hash) VALUES (6, '\x674141414141426355764e597955726c6662476d336d457054727747485250424a4c316b5647547270744f436c4e46665f657a32675a3074336378537547544b43517075794c6c30697644736761704d63324e4e7a2d626c5a356c447344415866773d3d', 37, '$2b$12$d9tshl6sKr9Uop2p8yQvXemYN0hXKhg1hgICehof9ORC9JsDJISAO');

INSERT INTO public.device_data (id, tid, added, num_data, data, device_id, tid_bi, correctness_hash) VALUES (6, '\x674141414141426355764e596156455752473576786c765442676a305456503969634c4454686c52357378596c66504f5038654e6f4663576b436f504e79474b356d4675533949613257515f6745467364694b704734636e507367327559535476413d3d', 2116572382, 464064, '\x674141414141426355764e59453366504e776a6632795676706a7a594469586e324e785f596a7270327658514575356a42576f51555a5559315664505a7164773478555f57716d4e485232384a6d3734326158765a7871577963474f554f57484a513d3d', 23, '$2b$12$23xxxxxxxxxxxxxxxxxxxuN5X.DMkHilBYQSsUWodebAG.asbqKNa', '$2b$12$GxqMXIMKiEtrOF9YVL2TO.S7vf7Jc4RP8MXgL9d0kgIJfthUQjxM6'); -- '2001-03-28 00:00:00+00', 1000
INSERT INTO public.device_data (id, tid, added, num_data, data, device_id, tid_bi, correctness_hash) VALUES (8, '\x674141414141426355764e59764434786b5a377048784942747045576b613855566443786d76522d4f38383642433036494c72715771745435395a4b56677a376b382d54744973746c597a756271315a5a705f70727175736b4677355a574e5653513d3d', 2244032082, 466263, '\x674141414141426355764e596a5655444c654d6e74453064797a744d49317476307a76487a4e4d67505a68723330326f7a6373585854534b4d4c747564793861725379594869776b374779675f67536335464e322d7a57546f6f6530554e425639673d3d', 23, '$2b$12$23xxxxxxxxxxxxxxxxxxxu.ZfhXcDxDatkjrxC5f7I1S9D0G9uMI.', '$2b$12$panqbBvEIAG4/7ct77LyieP017hCkKeZ6cubdQo4fcJpHOoA6UbPO'); -- '2003-02-13 00:00:00+00', 2000
INSERT INTO public.device_data (id, tid, added, num_data, data, device_id, tid_bi, correctness_hash) VALUES (4, '\x674141414141426355764e5968697149594270473834386a6267647759393265573248554753776a4150344e4c397241635343546d6555326e6f5967446e6c707937587a4c4475344c79345561474d6a427155654e6c707279565f424559626375673d3d', 2328638717, 471232, '\x674141414141426355764e5949354b456e3072626d445f38724f52576348487076564772766b316d70675064616761506a7854465675334c7a5149546a695a4c49517450367548676d516178353135484c2d386f5477555141376577496a763843413d3d', 23, '$2b$12$23xxxxxxxxxxxxxxxxxxxuSfVK9H/a.JO/whZHvsU1Q39d26XzS/6', '$2b$12$CwcoYDiksZSEIvQpwWE8KurDopFpaofsfYW7Y67Ifonv.a7ZDe0SW'); -- '2004-05-14 00:00:00+00', 4341
INSERT INTO public.device_data (id, tid, added, num_data, data, device_id, tid_bi, correctness_hash) VALUES (12, '\x674141414141426355764e5938683664517249614d41596d2d394d70322d796b45714f7863334249495f4e5f7538613667317250344a5a52716a65417147506976594151464d4331576b713079327879427636313279465642474642565873335f513d3d', 2893046721, 468360, '\x674141414141426355764e5934356270395138445f7253327854634d3234317a54584d4957534d347671746b6d47315f706863505f71704347354e63773676424b70676a5679774e765a4a4d4c4f72754256756d4f713734356a74784f716c4445413d3d', 23, '$2b$12$23xxxxxxxxxxxxxxxxxxxupooniyevX3UXhzktSF2tYwePP7PnQ6C', '$2b$12$wvleRl6BZXh59slt2gPoyuEgKzmPCo.lZheLo2gYlVeQEk016oUMq'); -- '2012-09-11 00:00:00+00', 3000
INSERT INTO public.device_data (id, tid, added, num_data, data, device_id, tid_bi, correctness_hash) VALUES (24, '\x674141414141426355764e59623355345f6b45664f444a6273454c6a3673635f476274516866545f75725252703651337a425f65634350786a7955374535463550327a4b5978546b41794a687a5753736a6f686e6d5f39785f557a465165645178673d3d', 3312286667, -356708, '\x674141414141426355764e59556b5f4c2d364e57794954665a566a6f754d654155796f52425450315338586c666a556361764936662d66496675714b4c77657a6e444c4e344e56635f5f7a48577a645a70706764514a4a697339655a536a556565413d3d', 45, '$2b$12$45xxxxxxxxxxxxxxxxxxxuNP1qU0EXzry70k27s3PBqFAsMUd9qMu', '$2b$12$tSSxBOkxE70T1qPPwLVP4eXPdZYDz1Rs.w4hI05cw.d9ey0dWQiRC'); -- '2018-11-14 00:00:00+00',  500
INSERT INTO public.device_data (id, tid, added, num_data, data, device_id, tid_bi, correctness_hash) VALUES (25, '\x674141414141426355764e596571484b746a68786350424a446f64485a446b4b5f345253667155382d355565444f4b664a7851786c45546a33495656356a62387250336f38375666394c6367424f6f597030464c4a7577364a4f536c554f4e6c50773d3d', 3317298304, -350734, '\x674141414141426355764e5941416a7366375f465555564d637436664852562d464d554b5a796936474366704b63705163306a565a6b6669746a454d684b62487375666f78756171422d4f742d62724e714e78554b706b385479735353796b3771673d3d', 45, '$2b$12$45xxxxxxxxxxxxxxxxxxxuMGd4oU8F3RlsUdmx0CEtLwGOMMmmvKm', '$2b$12$yKG9Z86yvz.S3K9hBnk76OokaTzX3JF.aUJ1kp6iGNKuDl977TxJ6'); -- '2018-12-11 00:00:00+00', 3245

INSERT INTO public.user_device (user_id, device_id, device_public_session_key, added) VALUES (1, 23, NULL, NULL);
INSERT INTO public.user_device (user_id, device_id, device_public_session_key, added) VALUES (2, 45, NULL, NULL);
INSERT INTO public.user_device (user_id, device_id, device_public_session_key, added) VALUES (2, 34, NULL, NULL);
INSERT INTO public.user_device (user_id, device_id, device_public_session_key, added) VALUES (2, 37, NULL, NULL);

SELECT pg_catalog.setval('public.action_id_seq', 6, true);
SELECT pg_catalog.setval('public.device_data_id_seq', 1, false);
SELECT pg_catalog.setval('public.device_id_seq', 1, false);
SELECT pg_catalog.setval('public.device_type_id_seq', 1, false);
SELECT pg_catalog.setval('public.scene_id_seq', 1, false);
SELECT pg_catalog.setval('public.user_id_seq', 2, true);


-- public.device_data.added was converted as `int(time.mktime(parser.parse('2018-12-11 00:00:00+00').timetuple()))`

-- To dump insert statements from database:
-- (You need to be in directory from which you started DB with `docker-compose up`, e.g. `/postgres`)
-- docker exec -it $(docker-compose ps -q ) pg_dump -U<user> --column-inserts --data-only <db_name> > backup.sql
-- docker exec -it $(docker-compose ps -q ) pg_dump -Upostgres --column-inserts --data-only postgres > backup.sql