TRUNCATE public.acl, public.action, public.device, public.device_data, public.device_type, public.mqtt_user, public.scene, public.scene_action, public."user", public.user_device CASCADE;

INSERT INTO public."user" (id, name, email, access_token, access_token_update) VALUES (1, 'MartinHeinz', 'martin7.heinz@gmail.com', '$2b$13$XN3Dvx/nQwgPhlAFtk75M.vPxy69SnkZf70t1WNbMAO8ULSR3L7xC', '2018-12-24 10:23:54');  -- '5c36ab84439c45a3719644c0d9bd7b31929afd9f'
INSERT INTO public."user" (id, name, email, access_token, access_token_update) VALUES (2, 'TestUser', 'testuser@domain.com', '$2b$13$EEqzSBy2inOvO.TyybM3leP2y24ojQLbv7v/e35rLa5HU4j2PO0BC', '2018-12-10 15:12:34');  -- '5c36ab84439c55a3c196f4csd9bd7b319291239f'
INSERT INTO public."user" (id, name, email, access_token, access_token_update) VALUES (3, 'TestRunner', 'TestRunner@domain.com', '$2b$13$NALAuz.xCUgoGeZYK5BDK.0WqCKDKBtEWvemr1a4NL4f9rqPxBvkO', '2018-12-15 15:12:34');  -- '5c36ab84439c55a3c196f4csd9bd7b3d9291f39g'
INSERT INTO public."user" (id, name, email, access_token, access_token_update) VALUES (4, 'TestRunner2', 'TestRunne2r@domain.com', '$2b$13$g2aEPfmW9XjDEXwS9wq4l.2m9z.b1B.212jtdn322ohvjge2h0lHK', '2018-12-30 15:12:34');  -- '5c36ab84439gden3c196f4csd9bd7b3d9291f39g'

INSERT INTO public."user" (id, name, email, access_token, access_token_update) VALUES (5, 'JohnSmith', 'JohnSmith@domain.com', '$2b$13$j2BSZK6Nrh3VU55vVehF8eewg73X1aWVQINfFHDyCi0PV4p9tGZt.', '2019-04-19 12:12:34');  -- Provider token: '5abed29054777bef29e1fd8de4293df4958c5a0a', User Access Token: 'eyJhbGciOiJIUzUxMiIsImlhdCI6MTU1NTY2NjEzMSwiZXhwIjo0NzExNDI2MTMxfQ.eyJpZCI6NSwidG9rZW4iOiI1YWJlZDI5MDU0Nzc3YmVmMjllMWZkOGRlNDI5M2RmNDk1OGM1YTBhIn0.yfCax12DQw1EfqxuPdJexEbyX0hJcwmOoLob7jk0FbS7G-ZG-4SEGhT2M9d49US8NmuIYSFJUnpyMsbulfRirA'
INSERT INTO public."user" (id, name, email, access_token, access_token_update) VALUES (6, 'JozkoMrkvicka', 'JozkoMrkvicka@domain.com', '$2b$13$hbCA84xwslM9c4KGd22uTuqLfs3o9aCuEqJkA1xT5AVwtYsg4vKCa', '2019-04-18 17:15:37');  -- Provider token: '599380474da98042f4b7b9fd4a0aab4a6c346e90', User Access Token: 'eyJhbGciOiJIUzUxMiIsImlhdCI6MTU1NTY2NjE5MywiZXhwIjo0NzExNDI2MTkzfQ.eyJpZCI6NiwidG9rZW4iOiI1OTkzODA0NzRkYTk4MDQyZjRiN2I5ZmQ0YTBhYWI0YTZjMzQ2ZTkwIn0.CUQrgChsUHjdxZzD0gWqgu_RUmT2PF-Kvx_i-3eekb02jVlVwVTiwXawp30RUiVaJs-HUiuCbrjJ2httJbxRVA'

INSERT INTO public.device_type (id, type_id, description, user_id, correctness_hash) VALUES (23525, '12ef8ea3-ba06-4aa9-904e-d5a9f35b09c5', '\x6741414141414263634236614d6f497a5a735079676b6e4e6a78523441316c584a456f6c56384e2d72356f4c75314e556f503435585739676b344270535872307a6e4a656c7271665553737370615a7a364c65557035493339544b397a454f4a34513d3d', 1, '$2b$12$7gceD4ewS6lb/fPN/AuS2eAtUBnQvlCcjfOVMDJCr1jgJy/knoJI2');
INSERT INTO public.device_type (id, type_id, description, user_id, correctness_hash) VALUES (12452, 'dbb028df-87e7-452d-b160-19e03d93f239', '\x674141414141426363423661355150715446345a4c6f45736d4b6d4b334f46717a433237354b6659316b756b765672684a4b63532d686c56636f7346323171544130784c534a6e394f6a337a6f6954655931395f4c6b35496c4934447168523455413d3d', 1, '$2b$12$l5NQRdjq6E7InTQoCkAM.eTBNlpo/s7GCJ8RuNouy2IfEEiVagz..');
INSERT INTO public.device_type (id, type_id, description, user_id, correctness_hash) VALUES (1, 'a946c5fe-073e-440d-84a3-1f1f4a3d482c', '\x67414141414142637576455a5677422d7246655178614b41396a35374f7a6b34386d43545556382d4f6e7061746b5033656c63423167544467554f74764170454233736b4d5a7337697966386f4738726562615a2d6e466965715271667730366d35785764445f57596e7173696632344c4e51384478673d', 5, '$2b$12$GHx/ZqpRC9txZvvmLXnKWeJ5aa0MAM7N3vVRsrt6bzVxzqDZZAn2e');

INSERT INTO public.device (id, status, device_type_id, owner_id, name, name_bi, correctness_hash) VALUES (23, '\x30', 23525, 1, '\x6741414141414263634236626b4b50526d33302d545268503034416464466f36636e7166764476526d557547766d5f6c4e766b6c6c5f6e55427838734b37396a635f42553052704b7a583368705472554b6a3273656146427958495a3332666161413d3d', 'a36758aa531feb3ef0ce632b7a5b993af3d8d59b8f2f8df8de854dce915d20df', '$2b$12$YtcxXduClOgHe9vVjxzZ4OakMsvcpVhYVQOzi/U/jDb5AeeaQAflG');
INSERT INTO public.device (id, status, device_type_id, owner_id, name, name_bi, correctness_hash) VALUES (45, '\x30', 23525, 2, '\x6741414141414263634236626c2d7875546a324f2d55615461764567674f5f50424c5a527945364f743951714d446f4b726e4b56376232465674364a37666e6b4654316c56635f32754f44646736596a586a45444948415a327a4d754234417934513d3d', '6c0d409f3d4d630303ca1fea9d1d0b2aa9aef33e0480266e23eb24c6b26a3fde', '$2b$12$ssyjw42rMqGrgs30F/5enuZ.UI3IFitD1PJMT/4E5jJfP584AMppW');
INSERT INTO public.device (id, status, device_type_id, owner_id, name, name_bi, correctness_hash) VALUES (34, '\x30', 12452, 2, '\x6741414141414263634236624831746d6a6a483972466337434f784e6b37303773735752356e396f30584e63526d67383339796a713064434f575755793566646e7159476b4d6a476e502d574f5836523163304433683937307962376e387a5a6c773d3d', '19f0eb580950646713d77c0f4e053083fedeb27865191163a72b0c49d3210969', '$2b$12$rDEpuObUojAvzyu8APJDhe/kOJ5JLQzumAN4f62WZ4SWZCX1NJIQK');
INSERT INTO public.device (id, status, device_type_id, owner_id, name, name_bi, correctness_hash) VALUES (37, '\x30', 12452, 2, '\x674141414141426363423663784739574b5773654b7a367038774332325234704b35765a497a5873564c55466d6f39394f666a4e67726a4d3562564467596663484a5365557734433572582d48477737734638625847774e77533063634843646d413d3d', '10f26bdad19613afba7c1e97ba09a67f46306250f7c407d7668ec81c029ede1e', '$2b$12$zYfU5ZicnASq/Ou4BJR6GOy.iGxYlwRBMuwnz/dlm5evD7GwoshdG');
INSERT INTO public.device (id, status, device_type_id, owner_id, name, name_bi, correctness_hash) VALUES (46, '\x30', 1, 5, '\x6741414141414263757646727a4d4b475132623261564138715a6a67356b6f4e2d7a324864624d574b354c6135486c75346c49327a5f5f2d576174667443756a464e79686a72637a4747655534424851576d455079477936506b42575777766248773d3d', '91626ae415b5915caea60fc8dcf50f45f1ae8c2bd7e319ed04d7fd61c7e8c089', '$2b$12$tsBtbqIiFIWzCVJ4M4hzLu96VyK.kT2Ib2kBg33nwbDyc9HEvTBN2');
INSERT INTO public.device (id, status, device_type_id, owner_id, name, name_bi, correctness_hash) VALUES (47, '\x30', 1, 5, '\x67414141414142637576624565363236556277314c636c34504d44622d70622d5f4c384e735f62534b767246434f7866525a5a526b2d33745978744a6f696551362d483641547a44684b6a75416d5563517947743472336d787a6130475f65336b413d3d', '33921af6e0fe149bece2a0ff3ed5940f6592301524eff5625c9cc54b85ad8b2b', '$2b$12$QaQkjT50dJvN44ug1lcSq.gzhMQ098THxaINVKXGz/vMpvriCcc/.');

INSERT INTO public.mqtt_user (id, username, password_hash, superuser, user_id, device_id) VALUES (1, 'd:23', 'PBKDF2$sha256$10000$a0HFjEn8VZe04CxJ$Zd2UxhyYvlY5wIqycui58jCKVsNxL1MQ', 0, NULL, 23);  -- device1_pass
INSERT INTO public.mqtt_user (id, username, password_hash, superuser, user_id, device_id) VALUES (2, 'u:1', 'PBKDF2$sha256$10000$8dd35yJLqjFIpeMO$oQwtPcs4FhcZGihX71LtN6fm+yVWcb4v', 0, 1, NULL);  -- password1
INSERT INTO public.mqtt_user (id, username, password_hash, superuser, user_id, device_id) VALUES (3, 'd:34', 'PBKDF2$sha256$10000$+tYVrce5IvbOPREB$haW4Atpabx2giJEeDBwaMIvKf3KNNop0', 0, NULL, 34);  -- device3_pass
INSERT INTO public.mqtt_user (id, username, password_hash, superuser, user_id, device_id) VALUES (4, 'd:37', 'PBKDF2$sha256$10000$1RDrXIISPQKSfLvh$HXv5bYEQe7NepGBLmdp6rOydxuETaWNb', 0, NULL, 37);  -- device4_pass
INSERT INTO public.mqtt_user (id, username, password_hash, superuser, user_id, device_id) VALUES (5, 'd:45', 'PBKDF2$sha256$10000$kOVrAa3VULOtlcxS$BP686anaevC7t2hwxCzfvo5UaxOp1+YA', 0, NULL, 45);  -- device2_pass
INSERT INTO public.mqtt_user (id, username, password_hash, superuser, user_id, device_id) VALUES (6, 'u:2', 'PBKDF2$sha256$10000$NsPHhalfv7Asj8mw$jRzH8ZEMh0B5oKPo2vRhcwhvmk0UIPgC', 0, 2, NULL);  -- password2

-- FOR SERVER USER AND DEBUGGING
INSERT INTO public.mqtt_user (id, username, password_hash, superuser) VALUES (7, 'admin', 'PBKDF2$sha256$10000$J8N0E3qluPAwm8uN$n8jehANuh+6ddOtNmopG0Jem79LzV+X4', 1);  -- password
INSERT INTO public.mqtt_user (id, username, password_hash, superuser) VALUES (8, 'testuser', 'PBKDF2$sha256$10000$qu5hXEoBLNeKuzR7$koo7Ozny5dpZE8Vy8GZVi6kcMvWVPrs6', 0);  -- testuser

INSERT INTO acl (id, mqtt_user_id, username, topic, acc) VALUES (17, 8, 'testuser', 'read', 1);
INSERT INTO acl (id, mqtt_user_id, username, topic, acc) VALUES (18, 8, 'testuser', 'write', 2);
INSERT INTO acl (id, mqtt_user_id, username, topic, acc) VALUES (19, 8, 'testuser', 'both', 3);

INSERT INTO public.mqtt_user (id, username, password_hash, superuser, user_id, device_id) VALUES (9, 'u:5', 'PBKDF2$sha256$10000$cirYodk8ZU8i5vt2$HIqfuLKy6JYkWQwwHl43D4Ih9Wjx8cuA', 0, 5, NULL);
INSERT INTO public.mqtt_user (id, username, password_hash, superuser, user_id, device_id) VALUES (10, 'd:46', 'PBKDF2$sha256$10000$P+CUIlemNO++dm09$ixofSfLBYh9Itl/ylvomnd0pa3iDDESx', 0, NULL, 46);
INSERT INTO public.mqtt_user (id, username, password_hash, superuser, user_id, device_id) VALUES (11, 'd:47', 'PBKDF2$sha256$10000$YOoF2J+C9kPzSXfl$mi0Y4g4XScZU0A7u/NStcGKuoSvxeFw5', 0, NULL, 47);
INSERT INTO public.mqtt_user (id, username, password_hash, superuser, user_id, device_id) VALUES (12, 'u:6', 'PBKDF2$sha256$10000$lrsZURFyNfTAIQ08$WE9DZTH1YHBBgW1WLTTe+WBx3GASW04V', 0, 6, NULL);

INSERT INTO public.acl (id, mqtt_user_id, username, topic, acc) VALUES (1, 1, 'd:23', 'u:1/d:23/+', 1);
INSERT INTO public.acl (id, mqtt_user_id, username, topic, acc) VALUES (2, 1, 'd:23', 'd:23/u:1/+', 2);
INSERT INTO public.acl (id, mqtt_user_id, username, topic, acc) VALUES (3, 1, 'd:23', 'd:23/server/+', 2);
INSERT INTO public.acl (id, mqtt_user_id, username, topic, acc) VALUES (4, 1, 'd:23', 'server/d:23/+', 1);
INSERT INTO public.acl (id, mqtt_user_id, username, topic, acc) VALUES (5, 2, 'u:1', 'u:1/d:23/+', 2);
INSERT INTO public.acl (id, mqtt_user_id, username, topic, acc) VALUES (6, 2, 'u:1', 'd:23/u:1/+', 1);
INSERT INTO public.acl (id, mqtt_user_id, username, topic, acc) VALUES (7, 2, 'u:1', 'u:1/server/+', 2);
INSERT INTO public.acl (id, mqtt_user_id, username, topic, acc) VALUES (8, 2, 'u:1', 'server/u:1/+', 1);
INSERT INTO public.acl (id, mqtt_user_id, username, topic, acc) VALUES (9, 5, 'd:45', 'u:2/d:45/+', 1);
INSERT INTO public.acl (id, mqtt_user_id, username, topic, acc) VALUES (10, 5, 'd:45', 'd:45/u:2/+', 2);
INSERT INTO public.acl (id, mqtt_user_id, username, topic, acc) VALUES (11, 5, 'd:45', 'd:45/server/+', 2);
INSERT INTO public.acl (id, mqtt_user_id, username, topic, acc) VALUES (12, 5, 'd:45', 'server/d:45/+', 1);
INSERT INTO public.acl (id, mqtt_user_id, username, topic, acc) VALUES (13, 6, 'u:2', 'u:2/d:45/+', 2);
INSERT INTO public.acl (id, mqtt_user_id, username, topic, acc) VALUES (14, 6, 'u:2', 'd:45/u:2/+', 1);
INSERT INTO public.acl (id, mqtt_user_id, username, topic, acc) VALUES (15, 6, 'u:2', 'u:2/server/+', 2);
INSERT INTO public.acl (id, mqtt_user_id, username, topic, acc) VALUES (16, 6, 'u:2', 'server/u:2/+', 1);
INSERT INTO public.acl (id, mqtt_user_id, username, topic, acc) VALUES (20, 9, 'u:5', 'u:5/server/', 2);
INSERT INTO public.acl (id, mqtt_user_id, username, topic, acc) VALUES (21, 9, 'u:5', 'server/u:5/', 1);
INSERT INTO public.acl (id, mqtt_user_id, username, topic, acc) VALUES (22, 10, 'd:46', 'u:5/d:46/', 1);
INSERT INTO public.acl (id, mqtt_user_id, username, topic, acc) VALUES (23, 10, 'd:46', 'd:46/u:5/', 2);
INSERT INTO public.acl (id, mqtt_user_id, username, topic, acc) VALUES (24, 10, 'd:46', 'd:46/server/+', 2);
INSERT INTO public.acl (id, mqtt_user_id, username, topic, acc) VALUES (25, 10, 'd:46', 'd:46/server/', 2);
INSERT INTO public.acl (id, mqtt_user_id, username, topic, acc) VALUES (26, 10, 'd:46', 'server/d:46/', 1);
INSERT INTO public.acl (id, mqtt_user_id, username, topic, acc) VALUES (27, 9, 'u:5', 'u:5/d:46/', 2);
INSERT INTO public.acl (id, mqtt_user_id, username, topic, acc) VALUES (28, 9, 'u:5', 'd:46/u:5/', 1);
INSERT INTO public.acl (id, mqtt_user_id, username, topic, acc) VALUES (29, 9, 'u:5', 'd:46/u:5/', 4);
INSERT INTO public.acl (id, mqtt_user_id, username, topic, acc) VALUES (30, 11, 'd:47', 'u:5/d:47/', 1);
INSERT INTO public.acl (id, mqtt_user_id, username, topic, acc) VALUES (31, 11, 'd:47', 'd:47/u:5/', 2);
INSERT INTO public.acl (id, mqtt_user_id, username, topic, acc) VALUES (32, 11, 'd:47', 'd:47/server/+', 2);
INSERT INTO public.acl (id, mqtt_user_id, username, topic, acc) VALUES (33, 11, 'd:47', 'd:47/server/', 2);
INSERT INTO public.acl (id, mqtt_user_id, username, topic, acc) VALUES (34, 11, 'd:47', 'server/d:47/', 1);
INSERT INTO public.acl (id, mqtt_user_id, username, topic, acc) VALUES (35, 9, 'u:5', 'u:5/d:47/', 2);
INSERT INTO public.acl (id, mqtt_user_id, username, topic, acc) VALUES (36, 9, 'u:5', 'd:47/u:5/', 1);
INSERT INTO public.acl (id, mqtt_user_id, username, topic, acc) VALUES (37, 9, 'u:5', 'd:47/u:5/', 4);
INSERT INTO public.acl (id, mqtt_user_id, username, topic, acc) VALUES (38, 12, 'u:6', 'u:6/server/', 2);
INSERT INTO public.acl (id, mqtt_user_id, username, topic, acc) VALUES (39, 12, 'u:6', 'server/u:6/', 1);
INSERT INTO public.acl (id, mqtt_user_id, username, topic, acc) VALUES (40, 12, 'u:6', 'u:6/d:46/', 2);
INSERT INTO public.acl (id, mqtt_user_id, username, topic, acc) VALUES (41, 12, 'u:6', 'd:46/u:6/', 1);
INSERT INTO public.acl (id, mqtt_user_id, username, topic, acc) VALUES (42, 12, 'u:6', 'd:46/u:6/', 4);
INSERT INTO public.acl (id, mqtt_user_id, username, topic, acc) VALUES (43, 10, 'd:46', 'u:6/d:46/', 1);
INSERT INTO public.acl (id, mqtt_user_id, username, topic, acc) VALUES (44, 10, 'd:46', 'd:46/u:6/', 2);

INSERT INTO public.action (id, name, device_id, name_bi, correctness_hash) VALUES (1, '\x674141414141426359414a716a5a794d7451516962474941394e6f5377466b664859594265776a2d6b6c77726754726246676d446c6e38756b37344636546d694c535854514f536262495564307579666166653975385363757a744d635f796859773d3d', 23, '895a0ac9ff4a7d58642518d20ae1bfd9be96430f9195e5689ce8c87abc131245', '$2b$12$gKla0vp9YqOpSyJvyKpqQu6CgEqmUd7XEFqF/OlPv9i6OAeswI.Zi');
INSERT INTO public.action (id, name, device_id, name_bi, correctness_hash) VALUES (2, '\x674141414141426359414a715361557a4872486655397a5751742d394e4b646a4174724358536549505f6a504c6169694b576a414772773972736631546157724d353949427833775445477175564a50646e3972365a66534c763941446c656241413d3d', 23, '86a638eab77f45b9e0e2fb384471e517664df67cec75c33d724efa8649be357e', '$2b$12$jOfamxBlpNv4BM0Ro3t9uOjLOxkA28J8/82vHAG7m9H.roDBlntPi');
INSERT INTO public.action (id, name, device_id, name_bi, correctness_hash) VALUES (3, '\x674141414141426359414a725f505f38453453306e575446552d7579476b3874334d44657842354c7a4e47484b423672645f70774b7759343162544d5959714176757863724370334242597768374649344636666b73774d4d354a41464d636d71513d3d', 45, '602b766b0a1d7d5a05df61a2d1b33165e35b57d32d2e5b54a16e21514bdbb9a7', '$2b$12$WbfluG1JkeWrO4uUAris6ehnogWkDEJo/s2nnVmu2mjSKBLriikVm');
INSERT INTO public.action (id, name, device_id, name_bi, correctness_hash) VALUES (4, '\x674141414141426359414a733877437a7966456448474f3354556a4b2d45655378442d774645674347593858465f6b45786d7474727a556a4d2d59464b55617953726338794c4a4738555865327a4c744772374c50416c35787957373536587363413d3d', 34, '5c6028f700e377b8fdfea2fc0729d9a6942dbf1906d25a061180d51080e780b4', '$2b$12$dOeB/AhCRZPvBM.asL7sHugMIZIxmH/ZEJ4L0TL5uEuOpsH1ZKn1a');
INSERT INTO public.action (id, name, device_id, name_bi, correctness_hash) VALUES (5, '\x674141414141426359414a734a486369387a7a4b45323332505949582d487737346c594e45745f663745636575726f44717030705748474439365f62614c4532746c5165466c4652656e6d706d467774425a51624c4979426641506142586e6c2d413d3d', 37, '67a6dc5244088db687e7c44e37c3bc36deecfa519a02c79b01090ff5d01f9a4e', '$2b$12$aCPg.rduANJD.DkSAPgcDupLkTP7duPJonBRcqAxMSjPHoCoFB9EC');
INSERT INTO public.action (id, name, device_id, name_bi, correctness_hash) VALUES (6, '\x674141414141426359414a726446544b3167576c4f4b47796e34514357436f7a4171795242686451517078536c486637495a74374e2d37324273376143664e4c4a7432446c38737a5265506b774d546654785f6136484c746c31423155534f5148673d3d', 45, '9e3bada9f77dc2ae690c39f7d46488c57e114e6aa689dcff6ea8ee3ada3dc36f', '$2b$12$Levp4agTMGQxqJS3ncIM.OpIpmAWzetv6Rs2oOYsAsloMA5m1NfOy');
INSERT INTO public.action (id, name, device_id, name_bi, correctness_hash) VALUES (7, '\x674141414141426375764e41415241452d584f754e613130554f62644d426b74484877446e5835637972504a466351524e684c797342644930657a48723770303055482d7378784c7474713353456f397a346b51616c7a5763504e343935416b42513d3d', 46, '750078a55e0a73edfe6ccf9faf70380beebc302961768c0701629396558fc6c0', '$2b$12$Wgxm1tm.6pSAo6frrHpsze4wXKfHhQerUo16JnOThjuUSxcWJtDmm');
INSERT INTO public.action (id, name, device_id, name_bi, correctness_hash) VALUES (8, '\x674141414141426375764e4662312d35666a364a70384c357655365a3031646b6e39636b355069735470457a506b50524758556761387a446b684c32793662756e657a5f6c6870676d746e626c647346322d4f475f4f6a6e6c556249796d336630673d3d', 46, 'fa21b79d8f12a7c6c3289bb2c30e492ad1258c7e6c230c35ec9bce9ba9deee0c', '$2b$12$V.rqLGDhmwuA03.OF4Rv6OJmWbA84g1ZyW8DuKwc7nhcKtZuE3clG');
INSERT INTO public.action (id, name, device_id, name_bi, correctness_hash) VALUES (9, '\x674141414141426375764e4b4c61765f6f2d444e396869314a446b7479476558517071304f397635766e6a69656c67495247705846583867375f39425675567964534166582d33754a5142344a4938384f6b5f5a314f7930537741557247315854673d3d', 46, '4f9e3ad40b3620719b1ee31799fb289d1126255f1d45d25993ee3edc706e999c', '$2b$12$xQrs.zQDi8BWQUDiy00yZe5dfQPgrh10LbfaBhBI9IbBllxYnOuNa');
INSERT INTO public.action (id, name, device_id, name_bi, correctness_hash) VALUES (10, '\x674141414141426375767169344a626948304e7a4148666e4a4f5055694548365a6968585035615a4a432d505664725f3259476b50457749396b666241644d6b33376b787a756f6452384c4877356f4368594c305046326b4b6b7a2d35535a4862673d3d', 47, '35b400d2c9dab2e20e341dc436513b612edbd530d4ce9676483b89cf969258c8', '$2b$12$kMN6KEbuiKb0/NdQCgz9s.72ZE9PDgZlRQ7TaPDJTZ6IfWE7/URTq');
INSERT INTO public.action (id, name, device_id, name_bi, correctness_hash) VALUES (11, '\x6741414141414263757671714f4230664d6b6a4f7558626f6e63316a7555377053312d72425368683074397358394c7837417754514553446948486a6571442d436b374d6b5663516936454255754c76354f42756f7a6b324b69775057714c7034413d3d', 47, '0bf68981da3d3c742b3a9494a7632db3aa3758ea554d850ba61a5f02d2de8d03', '$2b$12$9qG.8jAlN7vROWbMbjkf3.IZNUda1rpC3dDj0cfIEPdUMdz0IXnUi');

INSERT INTO public.device_data (id, tid, added, num_data, data, device_id, tid_bi, correctness_hash) VALUES (6, '\x674141414141426363355f6a504541425055427634452d565770617a4d5352462d357a364a447536534d5344704c4455736c572d684c6449644765494c566f455f376d536f48722d525a7a55374b6f6a4e364d6e493134444e656e354f6a6a6778773d3d', 2116580122, 464064, '\x654a795656647479346a67512f52574b5635694b4a4f7336566650416253414235774942776d79324b44446d456a734a784543535365586631393253484f5a743538466c713956536435397a757631526a6d6a35652b6d6a334a6a754e2b6b6978752f704e45706e57546164357176792f4830665a2b56714b6263655a2b6b685275732f676c5a4c516c644c6d6c524c556c5a4c526c564c6c4a72634950494e324f54566b73714e4b736733534f366c30514f737559637959475835522f37773345586b487349645652773874623955574976455265367575643368796f59576341324654514b58677274324631446d72794d51512f71672b59664742616168624b6155534a735070677635532b323230514b6e73414170624b34326c6e42576d797978755544565050435851796e61756d726853744c734a426863446555496c346f4249414e6e79392f61754f79684b4d792b69496f31632b746d4638454a65674958314347424d5a553944642b41415142504762485a63653159684151736e6a53774b4f4f56676e6f49437636454f3437565168444258424c417364467547327647793344506e6766394f4c416f6c64594b6a2f61333431476f536a69514144486c4a4966524544354b50503341476a3745435161446155386c646352526631497a42782f736f3354356952676f56593743416c326f6f4e416e557550777442554a543775544e6251484e3137766759556343324c7565684148436a3977694e6979714845784e504e586367634d64706c796b436e58554a59697a775073614f3156716e7a4632424c454b64694a6e3775755167386e6c33382f38335a762f4e3952415058424b45435a463770514e674d5833656b5a47624246664f556a584564787a36466e464d6d7861486a617a596e49745363526843463837324c7078436b50534c5155657a616c6f30713649742b785376714e4258396272765953784b61414b6b52524d3363746a54334254745269323444347551626578736b5a736b63525561386435587259447862624574535a43797968644277597863445464674d41776e727a576d327832372b7546756579397167627031642b6f6e66705138507531785151646c41444f466162766c655570644b71684e735a5a3457503545743331673951366f634d646753416161643767534d724a4f504277352b436a3473352b32327747762b58734c7a35325168445350706856766a593055714c32345846486d46584e6e2f4e2f5379527a734f4f56475a64684a63394973434e7a352f5a6f614238456b696147346a434d3876646243416e6f39664f6f2b4a583565615731482f2b52597766454a436544564a4955486b4c2b325061427a615939412f39557337324f6431453043726c62502f79486652546f742f6177396267746b52424d7250392f6d557a5034434163733055546d58737359696832476270796c2f514357754e36614254593344324d537673482f666c577139396e792f7a67752f4c3456577a42517347692f4d52664e36582b3277636a633961322f446d5350747674364e306c557a533159386639325877616d7932362f6a6c4e6e3762572b396c62625674634861582f475450596278365467375a734a6d4553665a796c32524c38794a496c787944682f6259704c336d377677705738656b762b7232582f6e6272763832615764785774734f726976396d38764451736e6437664731307076556a375847672b6a746f3654544f3576387242393176502b64764937485a39456d765577667279343234377461394e4249653533774d483536667173466c36486f644f3630544e765a356e4774366773547654536c7a69724a3362444e3435762b67724667314a375653504f347556426933522b4e61302b54796d44576d6f636445667a716b61783939616255675431565442413844633753356637354f556c495531776e7264457133545175673836383370717657712f4c5a4a627473742f72583947674f7835572b6b656d687270312b7a4f64372f613935694f72312b505933435158637a4d69672b744a3241364e334c446b62506655574f6a7252386e6c34545738506139635262334c64525275673042746a77394a4a76565661333139766535326578664439325374776e55376a644a56397a786e3442503458477857636262336c427246706461636b4d416f6f7378735355532b69714c356b7365526d456c7479494c484d616653534a4c724f31354564426b6251386b735549763576507a352b522b6778565065', 23, '19b0ac102511621a04272dc74ded56124ec487e4068e32f5274cbf04e7edbd1e', '$2b$12$zG5qcKFBprGGhq3jY2wKnuME53y7Fo3zmUlJXCmT/O/zWXvOK9EHC');
INSERT INTO public.device_data (id, tid, added, num_data, data, device_id, tid_bi, correctness_hash) VALUES (8, '\x674141414141426363355f6a635264533662795955453532724a32487634726776646637335845367668315f6d436f6c656c2d6c526c744d4c4a4539446f6c705a797561453838422d3434464f3743704564457a776e795f635236567864617a4b513d3d', 2244039737, 466263, '\x654a795656636c79346b67512f5257434b2b36677171526131424639594c485a4c4675416a5a667842414643594461445154625144762f374b4c4f794e4d536370672f597457626c652f6e7936617359382b4c50776c65784e6b7a6e71306d43342b4577586f33322b2b45776d785848707a545a4679384b3265726e61505752344f70666b6c3855704c6b6f424f7969594f524667517359424e6d696e2f31677243384b7670647438477867634f445a46546a466863674763462f4454685a41657853456377462f49483632704b514e70374e4671624c2f3264774975754d6247787265684b687545784b4377357746394b364e7a43436f6f485774334b4573425a3339464b5443664c6952485161413843674174456e3664415142776135762f334f6d2f674d58423079367432464a4f6c443442774a43387041446a4a556a674f58486347537a555453464a4a454c526c7453327677675437794f4f527243424473536a2b4a57426a6e496667627545514a3568744d5336746b4e4255384b666f596177675056526c4542625a4b2b67366549586e6764366d5a634a654774764d6a354d63366f39744b6a62444757397334354377774a42613568725a6c4c79354962325051686132316f793666536b6f79594a52636749436767303769732f634452437a63426d7049354e455a5664746c697554303341576b476c67724944456e6e755a5944597433536239784157576e434a517a7449444644465462437164747a63704a556279486f6f4f2f69636d4e44494e3353395a527674595974344e6e6b6374434f4b4e4342496a31413739672b775265342b507337362f58612f2f55426f4e443541495244756977523341576e6a6f416147454d38534e63647744726d5166497731472f3267434b48495751324670476779534b306b344678346745706f51344d30595446414d534b5733676e784d642f434f395067614a386a585977794e7951646b3656357a346c6774586868414d6e4f5447415131766b5074555035513661316b53576471634473677044764769716d79496d734f6b6b746136304b43334d37522f6a5245386758305744646b316f79415638567877557543436d413649644b7556723133366f4b3061474a382f4e4365566e794543786b595874554b672f39692f51363550726148566d716c4b66755231716a6d7a4d656961324d694f4b7a787a43747239484335537a363139663533576a6234546d7a7353552b333470537457434d475345614252307871665570504e79367963737a3030344c537136365650762b4f374c5973305144676230545949386e596668417a34357476316135673348636c766d62746631446862564f514f4a424a2f48754b69596631577a33617a6d4d545249635a2f75666f4a3243767848342f367966316667494a64526d75376d34773851543661582f4641524f7973574b4c5452617559434e4d4e4b626468765667546358652f7a39612b5859755736385a4a4e737a7865697546742f52496d4169617441517866697174535978392f586a61583676435274727a564a693631703464667631364b634b6f323337346d7537766b6d4e7254355a7653654f504644395867795474576d30487a2b6c445a7476624c787178655874513234624a55316b2f6a6f3478756b7036757273765031576756446a354b68315a3631597571516e77324634766c746c735253626a574557744e3368353650464c74333758786154396f3341784d7548766642655a744a5265384e6656362f5150666452376132335534375539715776646e6a3032544556572f4430567073576c556f732f444c6769504e38324664326745622b7632596e563866727a73657658336d4c32655770564a75643836376e6b396a56716d473432364c542b63333935335a752f4a507271387535303858485865773846694f647073543876315858534b4e7158757362653569775a64623679796e4776397a30707a7531565358653137672b7167766c624e31744e716c74596e752b3556366658592b5a7948366658706f39597278625848494e3765567876743631616e6671694f7035313265315472644e4e34744453565374726f6a47356b6d2f484e4e70374e7739666b392b54757174775078576c52666473386c7a616a715747376d796e4c4b76414e395a7a4d5a386b2b6453574e75596d466d486a434743486951444f65734f6c5953462b4b684d6e7032497648686b396a72574965544b5971694d664b6548497168457a476e765a3438667637482f417a55454d3d', 23, '8cca81860609303ae65ab3ee804a7c0dc2a783eed2c39ee27ee435cfc639825c', '$2b$12$ZHZAzZ8vhUXumBg02dNCQOpjSW8QYdwq0BHchBCntaMNy3uWnyGyC');
INSERT INTO public.device_data (id, tid, added, num_data, data, device_id, tid_bi, correctness_hash) VALUES (4, '\x674141414141426363355f6a62715f34437242386d5f7034626a4c6a3849766f396a724530326f54755f55346f4b577a615a6438676863557672497371727332475a6f4979517644384a463352714b70505a2d726f67656a7637323367796f2d32413d3d', 2328646538, 471232, '\x654a795656647479346a67512f52574b317a415653395a31717561424542495962704d6c7a4a4273746c4c474e7263513474676d424b6279373675575769623774764e6757354a627254366e5437642b31324e532f317237585738396c71744e6b74727834324f38695972693864484d36724e446d52623152733273766b5762585770582f2b616b55654f7155564f7355644e426f30616f656648514c47677a4363794168544177767a6c76314352315879624e317a7a4b6a4c5543412f5069464162437242716e676e2f615958787165566f6a424636557749673545346b78454b4a7756634671344c37677749365a4f354a51653551455537504d7a42357076436c7745727048512f784534677332536548334241516845574a526d7039432b7443556978585141546c774c47344976512b376b2b42324d4c4c4d775553684b78755735634c464166514a5a496749783743326471486242437862474e613352556572553554624943562b4b7a44636b2b5a746c634267416f304d577a36456f39464770514b584945375141394f595a434456736d736a3542587577423074654d553578386a74503968695436466542315673784876564c6e4a4847436255427379515a6963333752594561676955425777796855465a31465968514b30516e6e586d2b594a54626359674f703943734c4d61453558714a4a376d4a4538787578614f473846704672425469484c696b687a33675476744b77534f72324a78425341773657436a4b67514d4b5a576562656b54704433723068636378544168364b6f77624332456a6868725276426f7832636c4e325242687639386d494a762f64396d414571777a514156495458576c46653052556e395752614c6b4a2f4536484b4d5a476e6b71537041634d6c394a656b5449394c622b667841484c373858636d4554726675494a387559637745635241504669503551734d2f42537538346a39314a56733967454e577a592f3433484648673930656e4f624b567a4e36514e6f3470672f4d764d36686d4a54383345793838473344315067774c467879517571675a6e2b4d46514b315745574656614e4569424f644b792b50586670617457305a4b78455169776f6c784d31512f50627872634b706a33756832477a5a43695055317959324b616e774f504371416d544e59685659534b36666343634859456a6931514c6934702f4b672f76374b38414c3554394371687a624b4632335a4e35472b6c7056324449435442583144557367614838762b4a516f54787a546a64504e6157384e375771656f334474646f464659533031586d63415476696d53524764565974766b3041714679666663426a5159464657666435644e74696d6259446b704a6e735a624f4b6f555471525a6c2f42655855794a66725358743857794d676c716773383956734239497861716d4d36726132596d706c466d3057336b466e304777396a6a744e436e75666932723939304f393262392b4d464d54386b4e394d4c7073773454437050735468672f31566c6365702f744a2f796b5a524e746978382f3476457a3233373439314d477174637157615836627670664f656a38733369625a526676516d3738553266785139746a5671744f6d562b585a7568384d387546644646384e31356b6b785637647832656a376f2f4639657552723576623264336b76722f614e71506e534d785970326a3156386358755274394c354c6c3563584633644e7a756379624f62306639432b33372f30393263534848392f485a3839783970516c2b2f4935767a754f7335657a3858616d643733734b7047733236476a5562612b616b2f442f755a646a4a2f2f6570326562322f566a6577767a7a654c796672367374676677312b446c4938587263365768305836337070393730304f30394743693933624b726d63717557682b4c4863624e70484d577150686f65666c2b6c7365643462587677614a3933354f7370762b633371714a4a755872344f6f383149794676647a676469327a34735242487665444a3936382f757875766266584e73694d79615449796a6c335533324533547761435430697a6655543073356d703463664571382b4e734962704c326e7674623239755876632f396270336e372b766f3776694b596a5868306c33635437614d354f424438686e736c716b52656c546d6c424f676b6a4a4b4a59705477516c6a41637a467175555378714730587875796c30464d574f526f6847626834794b4f4535534d773343524e4f6b2f7648784c3855545744773d', 23, 'e7d546fbae9151090d66a378664eaf3450b6ee30a2f7df495343f514497b4b12', '$2b$12$JqBHfjFaCFov1prE3fnzJ.dv6ik.bkMW5kAMfsTGku25PadfJmHzq');
INSERT INTO public.device_data (id, tid, added, num_data, data, device_id, tid_bi, correctness_hash) VALUES (12, '\x674141414141426363355f6a7039654875586144314e3253726379743531724f70664b6c554e79652d4e54736a3963324b2d5a4b7270676f4b597435396d59645458724e7a51504477644474586f674674425852665f643231527a574e42425a32513d3d', 2893054513, 468360, '\x654a795656646c79346a6f512f52584b72386b556b6d315a386c544e417a736b5a434545416e4e7a69374c426844555173466d5379722b5075745579392f484f413553575676667030366662583836594f7a384c5830356c6c4d35586b7754586f394634466533336f3548654f6645355466624f6455476648714a566c75447050344a66463453364c69683558654263627a687a5961582f704e34466f666e356e6a594c364f667250547a52352f4c797a496556766c5a43482b73727865424133777350466f774d4662714835387134515276796f5931435a70357a42732b5958676d384633534561435468444851384b6377503443416b5157676b4d3948675051514c7734736849676a31686651707045664a755041435841734c44614a4344704a3851503777444368546772414a6c354c45384f4164545143774e4a45414275514c6c6b416a5a3978592b77513878474441434a4d6d476c4349494c6b4279486e34583934437734596950304347594a5143516843417855586d50536f4942413077454549515243545556336d5543393644417052504e6b434773505641654841434b494b41324159686d537161384237524a774e36675867353979306b52705371674d6f6b444c32494441695372754846366731674956633577386f69346d534343734a646147754a7353455277472f384b364d675a5631776b683269594f5a533570614b794c427177626f4b41797455356d6551304957684c78652b5432786765616a636d4c78704f555678516b583168564967615942653067336175747a67524d364251392b7a38677a6f6359444e384f2b336276504b2f7830424145685150324d4d4c434f7744356f5478446f454261574253724456704647557368686759626b786c666570697941396241747762687146452f3367574f584e4c696a726b4e6c6d6f726f434541674f37674a75306a746a66767948362f31746f6d452b554642464e686955483851596b4369686a7041317a6a344c582f6f6b42774f626b314b674769434977416f5954753277774f6279445a57594362576d4c33504350647366706e6e4353366f6d312b31664a777443686d51446b6d70654d787139514365324130356d67497756746f706e4e486277327378436c6f2b6e67446f4e4279596a52614a38594a59494f30654162392b65496e484d44715663744843466e77526b30435064585a5159304254436b514648324a7955423859573349347536684f3052776c62364341736e452b6f4d50434a6a6377746145616f386f3851424441445464424d4e5a38334f2b64776474476b454c364e37647270373149485178665959534b6f5255442f2b51677753684a57684d46464c356972736c396832774b2b6553384453786f337a69514a426e75455834537a33617a6d593267555a352f75666f4a38437678486f316672506863344b435a4b303930387a6b412f576a4b356b594d644e6e5a52613948717a54706f337055716f32367a354d4c623954342f2f33703153753347713937714e463664753464714454597562467039574c3436746637627373524c746431676c346a47764e7a666c46623130713966727735595665626257624a37546b367073643473316d336537645838772b36745769775853394f684750792b71795354714f78756470324b585075336e58517736552f697766626a4b755839366e6c6376396d6678727550783664376c695837745076534b472b323966644676393966746f2b53483772626d65696333696256784b307562312f4778626832644f504b5a4c324b6f30475a65792f3938366c7861683936732b463073472f765033664c7132717a3163374f32367a6345744f62386a7835467332454c362b5732543573506a354677325778783538477a2b38745675794f6f36766950746b78392b353466757033577166366f767037316c6d576d7231576136724f7856615573706e4d566d63333769772f336a75542b39744a6336452b4f394f3457556e537838354e316a7a4778563363336e5a595649325a574d366d695a745779385057656e622f654a624c77385036356646594772517270384e51396f663733727862376d374b7463315a734b64623652584861704e7462374c626d6a75734c59375652636d544436705972375246396c6c337338483670586e50692b746575315a7670454e6467572b6f3532542b706a6d7a4a5755716a434c684a324c4b3431444a38645350505430436d432b39304a65756a4950596e5371507861454d5a4d42634e765a694a58306538556d6b4c376a7a2f6630484c4b785356513d3d', 23, 'c4dedc6cfb2d4fa1d298ccb7a1b3309a93cd241e23b04e33b11deef1e8d1451d', '$2b$12$LMz0KoPMhcZxRY7WF.UsTOaOk65tEADLHPmUptMtC5ETHxUtdj1a6');
INSERT INTO public.device_data (id, tid, added, num_data, data, device_id, tid_bi, correctness_hash) VALUES (24, '\x674141414141426363355f6a6a666a4536484c54455769563064396548665032424b737a6d4f54422d6c494b4e70627867613631574e7267744e635f6f34584e4756743069525a755174324e4e466d61482d793969466a6c44684c453661704143773d3d', 3312294332, -356708, '\x654a795656647453496b6b512f5257435639797771727175457a455043484a5252726e6f674b3462526a6630414e4a674377674f452f3737646d5a6c67592b374432685664575a576e704d6e732f365578377a387266536e584876657a724e4a6975766e35334557627a62507a3857756e507a657070767957616b343363585a6534716e6679742b566c4c327247536a73784c6e46763677346f544251702b566a43672b4f546f313571776b6978396e685a32785277644444717777356f4a3751314f635741576e34624f41774254503848416c6d42634c34386858775162393846705a32476e594651735a726f51545a2f77396e42634f756a6a55686e4a4232354f37556f51466a7a427479422b79415043345553465262774d3546513653386a4c4968714337464e4843475870726e35635650725a4748494c7761772f4f476d2f6b33426543454c726c5071414c484d4d4730724b306c6f3553354977524d5a434a30585343664943684a5949634f534a6b494650725544453064355130354b584472664c496a50496c4e68475261554c71794c304b52564c2b46487a55736237637036366b4e3466362b71434745765a564345516931793563786a52645479744e44434d5746744648457751483859366141657849757063547952522b77432b4a7776685567554a462b734779677839775a435439467851693872786764535746305972554c516d4549333167756555706b685545304e6643656f32434950426e53587a7741635541746452426d7962516965326e714863385169397546587055554463774878545a6855375135702f506f7464722f33554f41464b634139536b76674134416b684851423669386c55303146366f4b4d766f5349657543765043647a306e4f7130764768436c364b4a514532673639445a2b6a634934456b4a3151434641445454333848346a5076472f5552724367517455463241783145636d364e78512f3042535742335575416863423642657a6c676577594a614e4a31626b69514f48426d364349534b694c787370532b364d6c525464775472504669504e76392f634a466a616c34736e365678414d6b426e75506b6858543071514f6a6b30527471445a534a576a324b505a56417867716f484a55524256396d646a49565867535647414c6f754459426c714a43587553424455756f356a696d4a37787777565642327a713049526854486850534532476477324d37664756596c397a77686b6648676766554957584c67796b302f786a68412b664c30594534714e672f41312b526f5875526f794f4567463147506c4653346236425142696f30504f675547453771396876696d776f4e4a664230464436794d556641535646357a6d4a396e6b72396c3844493153336d7a583330524a2f4e573876787a636756726937585939543935424f3456632f5063796474625969797a4f7073477839614e6165783630716749636c35766a2b5a2b6e637258546643713252534a5035522b3339557659434e693066384c7971647a4e37322b75687131447a373364784465446834662b3462472b2f2f37397151785774586b2b533964333663665757772f30554d7a71507873446e6f7a764f31312b364430756d746571336c6d754674747331566147365a70657658557531712b327639334d527232507446765a374565617230644a6c727a76472b656a4562746633616c64457465374d746d376172332f6b673130702b347174543562584e3345646d68365858746f332f34617a48686a3131396e67337a6676723771373862396e366d3972487a73446933657a64657a6d74322b723573506a59766d386a455a7275614c6c6537474f7a6437753869366e5958746a4261392f592f73746270715031372b347576566b73304f4458463778374e585063316e5135664b50476b2f7145616c615a6f394b5a65445754664e5836623732614f727a44597476623963716b70486450504b59766d782b443055544c76354f7270316d2f7a64766a526664766d2b306b76754a6a4b7644567262366a37506279387a4f2b62745964783654653765786c666e74664e702f6532384e726c7561546b64525264584e327234307176746c4b74736f6d79646d4d4e31727a35396d465a374c757263532f4e656279554e57315467452b6f356d552f547a5461556c455847327645764553737a6b596b31546b326b556a5a6963694c534b42467945724d6b466370453658686344424f7237475373565477526c74736b4e7558507a3338425738565158413d3d', 45, '8194716a060f22eaf72bae08c3be6c8c9a481e21cf84bca6b3f0031f0bba38e8', '$2b$12$rcxwSE7RMnmKIFAilUpMcey35JcHuLWxMKxT1JGK2PqJCE6tDHgC.');
INSERT INTO public.device_data (id, tid, added, num_data, data, device_id, tid_bi, correctness_hash) VALUES (25, '\x674141414141426363355f6a4b6c51444b3752787a2d49516930344954377246785463686e33664f774744484567474a645476505a58516558375f6872724e444f78675843554c31445f467938456f67366f507274784639424a6456654c326f54413d3d', 3317305869, -350734, '\x654a795656636c79346b67512f52574371356c776c6154614f714950374e6967775a6a4e4d4a3467684d526d797a594e416738342f4f2b6a7a4d70694f453466454b6f6c6c2f66795a657172475050696a384a587354724c4e6d6d797750665a4c45366a2f583432793166462b536c623749756c517235376a4e4c44416e662f45727855454c705534457a41493138705669706f2b506e35427365486c2b2f6d7879722f467837643153722f63587541647244424f567944463562374641473877443159434f7353484d41423275643749763858454d584c443751377a4838714e314b79564a4461527459594b4e2f51706c51774449497838732b35675463497879573851634c35536b6a72686a4e47357a4b2f48536936676d6e4444726a4831474568775263485a4279793474594146736259744a55685a674a6a38554f4b556a6f2f67515546467341754f74614d654e52777a6263674c4f63514153455259304155344961624152474735454161516c307743766341476a515a677847776a4a5578467230554e686e49456830525862346c43654b43617a424633424455457331735a75414d4b635236425652647a613435313551675547435552634335496b2b776f345072794a6777495565476241417147686f686761376f4b6941434d54354144707877494479365968597234745575736e4741424555473651436e6d41456d614b674b654d79354d305579724b6f706658414778594f7370485277774251533061343175456374424f34446339554e71434450476c732b534f5158494e52787a6f7646775a316f4261554c75577661425159426a795464535050336439376c31663837415342426d41415153727443594c63613130714d757043354f675355444f71554a415a2b4e4c736d68313333717278434a4e684669514642746e71523145656132446655523447544454536e3542626743524636763473546132427365344457494c33674d757441304a674c7a425868796f54433843675252534d414a7839716e354e7953527161397577415962626b414556655143724c7049334c4c435047365a63775770446233304d4a6a67436c646c4a47726b48416b6e6f635937745267454b36794d344f52616434534238484c7731467855694c6476344846684d4730613635554a33596335633579656a44516258586d6c67474236375974754447557167752f6367705a667a34304163495453524e4275772f376b6170646838654c44556a514b686359626b3278733153597876533170426d4f794551726833645a547353734655766e7a5a46346e526a4361654b6d31784775374650584e734a366c304743364545475572366675423934526f4c42582f704754546e4e454e674141574579546d4143354c2f4a3576745237714a6f542b4b2b327a3377797434667a53483966344131424a6c3257347a5034423263726e593879493256477846467155725a39674b7939565a763158327750427466396e2f656936574f38336e664a6b6e3931774d753755364c4478593349336739626e592f42693933586158362b50723532643932336e715a577767656a392f50686668566e577a585339326738552f47643375645365397a4779332b33496e4f6f31483662366354447274626166535849304366336a58444a4f33537574786f6e5a564657346d33616a5a5039656d512f33457a65357071624c3261793061567872483155547456344666693935535558307670793276753072546e52727a593350466a35577571496866737445767833394f50355a714d4231477a5442617348422b546b59716e46647539703379363172346e3232326654787361734f546c367a6570642f655465642b2b394234655269323548756c332f59337a487455616132364f7836432b395674722f4e5276387647336637304844647565743144656d71507731704678792f4c3963736f3570766c3869334d62714c33656e426f6d553763724a355a717a4e5a7637327130344e2b616154763035764b5935664c2b624a7477706f365277396d764573396556776565744e7173397a64367448394f4f535265713033522b5746444d50784c39595a394775483158316a644c374e6d6f4e524f6d6d6658375a3363652b2b3868684f502f66655537743845744e776b71775878303174584d347238413331544461727854357a4a65574253685938316834547355786974557a6d6b543966526f7441636837466b733939332f4d6a4a68616143526c483879534f596c2f346b59376e53654c70347666337635456b5438773d', 45, '6ead76f667c014c2d9fb961d2698a332b34194ee0d2e5f54b70105e8254e0e49', '$2b$12$ftgz5AcWqzS6ZFIWHnpXL.NT.oZxwhZILjzBH.BKTD8uA8un.RB8C');
INSERT INTO public.device_data (id, tid, added, num_data, data, device_id, tid_bi, correctness_hash) VALUES (26, '\x674141414141426375763939496b3833447630687848665a4d4c546677414a44393141536d545032354c4470726973694b515a39457442577178386868614e437a36413973563839644b694b737a6c4d645a7266333550466d69656f6a6648434b773d3d', 3341263029, 764214, '\x654a7a6c56316c7a346b59512f69735554306e5a5732696b756252562b34414e766c6b774274593454726d514f41794c67544b597731762b37314666676c54796b4d316a386742494d7a30393356392f6666436a6d4b726935384b5034756e54616a7a74442f443536536d643970624c70366673725a6a73566f4e6c3862695172613537303763427276356d314848422b4f4f433138634646555448425a32394b41566667636d32584c5956484265636864555176694c3469724e6c4177384b424c4e4e592f6945436d464a5a576469564a4970634e6b35593255667a6c713445593847755634526846386c4e7542745163524344715444554e526d416e476d544476363953486669666f436343674d574259566759445a4b387775735768514a756e45714f7941675a754d49424754556730584f44364c6f476b2b36674d5243334b44737a636e4f4c48426c6841446e487a495239485365432b6a354a686d4a57517066446c35304245723067777a68416176446b4b526a546b654541726e79424d5369546b4b34422f674277423479346954416b444238777267427a645472425276577744636958764b3041716f676b7467783863486d426832306b6473456c774957494a70316f734b4c2b4749366347454843515131637a446d474f454830392b49496d4d6b34434642416e67513653306563516a35686d793275663042534a59536748444c4c544d4a777148595259526955507946786a684a466c6742786141586f496e3644434b6a384946654a78696d794f742b51454572654d516d5941683041545333674b455458776d31785154456d7a7834696165776776633778395a7a702f2b30337141546e67325563674b616746354677754b49636631674b43614d41554c7a5a3841412b4d7037517746446f41685877506d4d61596f676f4b4a674c774336324e4768706356415975686c6169694d6b564f3774444c3969667a383934476b7436615573774a426a6c7274547445484e334d637856496834514b4f524345414a597853344c414c4852486b38316f504a47512b59314159634a777251433471627159767a70622b6154742f38544e542b6674366c3372762b34734d586a7873785347576d473445384a46564a4b73324c457666706f714279536543526756616b735243385a53456e3375715451414e4463483037442f6e4a5968756558795a73726c6938484b47302f65317251552f6f437a3263724e574f63563235546254653345307a5a57414c3653784a516f7948334971353830464a774e484a6e6d784845654641795866457373515476414f797367307468695755764d73466968446541443872674438454437775269544177487278636f7531522f706f764b42676c754e45547a7075424c6b77426363666e4a543843494147542f71583555466f513461524c4e56774f4e5549416b53385658356968527732685a34484d38522b304549714947456c7a6d462b706577786e4d553936314375474a6b727452784869654f6347346170725a697243414c655943534153735775494f4467486e753857677239326e4532484e72772f51523134774d61556a48664478536b745241475238657542553761645969374b53584f6445464d6c626d6f2f4341373551754d5274703979574657435a3878696430534445437744574147496b46476d4f6533527a6e4b41724952504c3366506d352b6971736354784979616845457a785044453743786957436977344f2b4a794352417a2b782b46354874557943426a4247614243522f5842754b366a41322b3163416f6e547a6241534f3745776635664170566c59627a6d586269424676667a6d55776e65525042417363653745736e5555396d50434e44764e63483078394f4c61476b767056736a72677652497949496b4e6b49506473746846764132467250746c54486e48687855704857484f436570383777674f7134337463634a43737a736c6335386b443249466b453843526e6d72666f78627a3654694653617534584c312b2f69567256595636737741386b6c2f6930362f416e4e35713954704f336f42484758587742505332597a714d786572676d596d49784578444a4752764f704b724c6d726c3036653769334949523136572b66715078324c35357677786538333865697a57367055717649547763746d4278386669624f766274644a7a2b327064586d74394e487076624d7a4c364d755878794a496e5934587a345058316d433749756c526332564d627a48626c7336326e5574584c62664f5a725054383342774f6c6f38364c555064725a656d6f2f504e6f756d7169647a6b3536722f766e4c572f4b7736742b2f76552f54667539326b79364872584b39386a42367662753847673972563533625a485052475935612f6d5a584c6f2b44626c787661473837732f507577327a56765731586b2f6367764c7575782b744b536531476d325237645431736a592b324654735037372f4e76313635796672362b6554627075532b6c3274714f396e4f47725078724e3075363358722b6d7971394d4f7530763736765631727a71757a6d39626c5569324f476f764a344d53355365576b575a31302f587937536d7a702b66356b753473334852644d533737554f6a2b704e316176712b764c546e6c572f645a74334c2f635438755639336e3876625a35717a525767316174666e563355722b63334b557631626839305739636a74655464486a52764270586533363344744f3773343375584952682f5859367233666662322b4774614e4b75373573646d744874566c2f4e6e6d506a7959716e4358335a3031586257334f6e413065626d745a424434676e763378614c4263535568395a4b3064395071706a39787745506b6b5361493069485553684b6c796f66462b4f4654424d457a535a446763444e49343164344d3353413253532b79555644382b506744674e53584a673d3d', 46, '1b15d0cd8d46fca8ae76beb1262f0e75dbcb5c5da8bcbd1800daa67bf0ea3a48', '$2b$12$vL17YINiazcqM3cegNjJU.45ysqTWziOY0CPjDom6LGUhAuBlJD2S');
INSERT INTO public.device_data (id, tid, added, num_data, data, device_id, tid_bi, correctness_hash) VALUES (27, '\x674141414141426375762d5a2d783846396d356d4745426a424b6b364934504264694b47697576766d6231395443657030375f6f4a6c38456f44475a79334535646e456a45727763494f42325050312d55756457374d7a3249354f4e7648794276673d3d', 3341263092, 764330, '\x654a7a6c5630747a346b59512f697355703652677978724e6a475a6d712f6267356531484b4e75414d58484b68524267434867786147327a572f3776556664304432785644746b636b774e434776583064482f393955506679784e522f6c6a3658713439354974564e7358376834664a61727a6250547755542b56306e303933355771705748305a7237354f636656334c616f6c6261736c552f776e756c6f536b616d576c4b7957624c456f524c47716967556446513978584b77365743336b484b78457358384671357265616b4f69516c692f69697146634637574a495763446a494a764664775163306745504d54584e434d474977456d795449474449427055476c6332534c41564d4c6a516e3861332f7664594a457a4464526f6337434c2b46397857705350436838433268494c7746656767586f5a4b4855306a3863594e46715451444633697651424137675776467a316d73316c6a775839467a494a70614f4a393846573650704d5044452b523865684968364e434d2b484b774141665246534b38645473475177594968427933756b393470514172444c5244536d4d34486b34774e78305565526a53636e4e474d43426d4853446b66476752416556744d35454f4734664a4143396f5a7339766f6a72434d4f7758594273724545566d43526b5168396937674a6b6d76496575384e686e326374675263754778304d7037417a4344395370734566345566676d6e4f6e4f55414141542b4132374e4f594b7034574945734a564851444875496e674f68454f4950593549734c6d6d47694838504e7577675554494b4b3461434b3442797667344c4f4251315a41397364376b65653166316f443442684e72456549496145676d4f354168634f46317a7a2f4c626b6e68474c556866744246685143724962496d52436a4d4256786c373949447167504d7347426b5147634c5166637343446d68764375377448582f676639737a353739794364724f437a59516d73314371554b6348685a31654e4a69757767424a626a743152544142462b6f476a3449533358782b56483339383750474771494c546a6a646a786c46314a6e6672483154797633483051367666754f6e3939393331504e37384c4a46424454694d48554e7765625755682b69714c77726d4238644470343749416b663259755a714b6f48592f795156726f5479566e46583574494455466e716d4e77315165725134415431544578725a3768384a6c796a30546779336969535133585578545731496c447475426c4c36766a63464b425132314233664830564845467856474f743469684a4477716f4150387757424656485138624d2b526f354741755757716d336b385a4370366a616f5638736a79323850546b2b37636850784c754c5651684466565672634b523172744a796f6e446e6a582f71694945786d68764a7a694f444530344c685244794355586541456d477834376a4470477850634a46304c4b4c5433556638574f323468486c635248504b467845454b694e66636731676569675773633934525230594c48676a4132436a5a55654b754d4f365338435a33554d6569435a6c33747161646f7350464667456d4543553538524433754d5046366b764463355730322f71646b4d496954454a5a303647574d435162583177744e4d745464495650516168456d354a6979424f30506f797258497277634a6a386549502b654c7a3958574a6b3150426e6855593648646872465970716556456838356c5834647244654a707936614972472b4a4f4e686d5a3652534d35447350324d464d61697273767656536e452f36655544783649453863573449587169436f6c4e68424a5577656a6259786930726171476879543369517739485a486e456166654f69367664496d69516c545953425438496350646b44513279564a79444e30506c5a4b71453751354f787058324877693459634c2b664b706e686d6f3866616f4b6e3165525153424c476a4c386e4447564479435341465475554f48536f7a5a665659674c54566e6d58627a2f2b556a5371557665364248546966302b7258344641347a7a664c744b76514b6543516267444f6c765662386161645852506645522b546d4c6b35586731353650616c3665316835763261517862317275772f76322b6648725275693865432f66757935666465674d65596e6a6f444f443276727975336153566b7a387236574d33726a5237352f58725564362f2b765470766778537463586d63627274546439794c37305a4e47723779316d6b4f386c56506d35317a7a4c3532427a5a62503830585361723239762b30335a2b74363939765a724c664c6661352b50782f737a4e52306c3039644c63704c63335565657531747246735868705a614f3736396c696535454f54307955665a7475472b625371566233633373514c64667278572f39654e642b4751793238383172377933717a57724450482f4b31362b715556382f372b5473745447737a6665563975317a34366e6557772f58366537362b6258655874717a396e782f6476626d476f504676486e7047734e522f374f34316531384764303134395465564f52734936645a35376d574e53342b79325a2b74786f32527855782f4849392f506155314757396662353159394d646262614e6271397631784d564462754c58752f4c594c7736533938717a374c78764853363263787574786532466665366a394f586b3976393771365a327553747038396635335a577565783047754e4a62756164792b587170435762363766526576317463664532533139465a5430626e56386e7931586e3545396458363632657636593134313730616672585247426434686e74706850647a6d48644a786d4d78656257475a704f70564b79586763783270696b344b35326354456b524a70476d585a544b61544c437353514537464f4a47547a45316e4d3256742b6633394c7749446c72493d', 46, 'f1144715a86951cfb8ac8879ebb1b838c988c9e3ece6f18f38ff62200c823999', '$2b$12$b8OPQF24nLrRoGPqwQIKdu.6N15ymGtqinuh3C2IRfW0a.qErW6z.');
INSERT INTO public.device_data (id, tid, added, num_data, data, device_id, tid_bi, correctness_hash) VALUES (29, '\x674141414141426375762d3243354f36766147736a4f4d71334836784f564f47735531444b42746f346646497a475a79447243694d5239304731576f776c47496c50754d74314d7831345f34575f504271563771414e35796766654534596a7272413d3d', -2498534876, 706386240, '\x654a7a6456397453323067512f5257586e33594c5574474d35707171504267444a67464d6a4b2b77624647324c4950425947505a7753624676362b367031747948725a71733439357749784750544f6e7a35792b36456331456456506c522f562b7531714f68756e4f4c3639545762444c4c75397a5a2b716f2b30717a6172376c587a322b334332546e48324c7933324b3972745630536b34556675563553466763392f5a50354f6947692f5967304d63674f486c6e452b7941314e5075487a435a6662476876474268666e356a702f616645426667542b774c72386c595658677579455544444b48333055396f632f47394d35415a614d41697734465148684e4f7756674d4c4f477131563242364e5855446866666a545555426b5949784c6f34415a6365414b57696d6b4448415146384e566e687a522b567567446463476a76495a4b326d414e494362344a6751675365586f314d785459417075414a654f6b456377514238414d674146554841557244535a41422f3849772b57654c49656837417953354d3442624d69334537687a41335342613444475441686f684146443442665970774b45664f34574c307734527a5142726762554558496a47612b45573763424b7842725234542f766961317771484f46465931396f7742425955422f2b67442b7741766d5735564a4653344f7177466d344d4352504251624143552b514e5173796249795374725158446949586a6f47466d6f526943537a4344343442504c564c72696657594c316a3332485745653543656b677a536b44544a696737477852485844674b4e63384d4739495244454356454844474d53624a322f712f332f4e49722f2f584c494377585641516b674573637741464d6933644d306450635830512f6b43744a597441587854676163307878754c335243694b5255754b4b55576952694353704b5543686241683568586867374b4d434e357430623375422f327262734a754e6d5a6c735877776f41526c4952514a2f59466e785a30626c6b6b4965496f6864414b54477570436b6d493061774e576352444447504d67685a43694849725878346b5662707a38505079677a4f2f763459644739366a642b593339444a4a642f4b706d495659304a665564624a54664d496f6765454c566c6d5675644677494a47555955325138396775693352583153354e66456566446f675741594d5a3637716761716e436d3571445558496f43743536727361655944346d627334666d6873497a375439664944634d696d38526566666b5379677967704a69674336344e5a42463262467343586b4b4146767157704348344a61673879306e5830644e69364f4b67596d4f4b335934697543474b6d656f70496e4347784d4f3045526d364941553853474b31432b6f3149593654436b313248696943377347304a6a3458346d415a6550354468414f4d36624c2b717943483668555373325732772f757553786a64747a794f484a4f4d647851316a53334a584c6e564d30744657714869724a686b556852427067722b4334716f43686242522f75775a546c507561524c4f7170704870767737675147707a6e69753557385836575768343479334c3367756470717474597379305635724c4a6f4c3475364a50375038754e4c3756716e685665586d7567582b36775a696b6d6c4e303948696e6836676a676b62776f654b616f564c73694d63582f4b706866793673736d39414d795a302b30746d64537135636d667851437453574147474b6f786d62462f36714b4c7343626d4f734b58745243436d4d7359696a55785666476f713555767835555879675950646f642b56676976614a4e61797075334955765a6f625363554a7765306b544d73366f67653856524b4a705a796b7973536f43524c6f442f4d39663653417034353649465063666352534b7a383562486d727549766859454836714a6c6a4d68316c445a70552f4c464648316d75694c79596c632b647650764a5146504134776544357161714c464f4c2b577961514864567a56624c54332f6b3161707963566b424e66482f6f4b6f2f51542f4431576f354861314254626d4163415755742f3277474850577a706a6b69504a4d4a4d70794f4c766a6f30374f612f5862396b6c4e77704b6e724a6a2f63564f746e545675387365636f7076712b6358684554784965506a53672b464e3966766565653977756d7a667265786f30446f39587933486c39335735383833566243715478663336624b54626c6242657648596246333736384e5564364e68733364776b4b355879556e6166564471524c51753536325258623039662b745032396c79314432577a2b6c38572b394e487063325057752b696d757a7a65365772654f4e50644c6235385a355a334a3176486c7a657739503431625569312f64614a31383766715a48376c345535384d2b766f7157367a6e673937683865622b5a464d2f6144333170656a4b7050666f46316b7a50757074763956727a666c467135367531506a564c50726e3575486a3666466376707a4a353062664e4a626a7333576e74736a617457586e38714d576e66747463746f7930654331325937482b72412b646250722b754e494e327662302b5057336e54776c717866476c2b6633354c47614c516466736d36746346584d30773331772f3664645762586669397a65506d344d4b34364c5478646d446d363675727863587965664934794235616e5a506c302f54302b3761335a7964586236504e6548727837565832314e7233462f4f7a6c313472375461337a633636632f2b5539412b7a5a4e567644753565487a623339713164722b384e7076357337624c42724e334b622b4164376e4d387655757a46562b706a5a49306a536152487359546f354a344d6851754759717847586b7a4769733555764677624d624a5545364773557479617a6b306954456947566c7464467039662f3848646747584e673d3d', 46, '94eb5dbf445e4315fbce5344be8697db42fda60d475ab936d474e8e17ff5c431', '$2b$12$ECYoo/ONi52yFKrLwMOLF.toASY2zXdH.biQ2SRastCiQJN/RSa/i');

INSERT INTO public.scene (id, name, description, correctness_hash, name_bi) VALUES (1, '\x674141414141426359414a70367753725354636867336b616f4766706d746968475a4c4c784a37595f5a7853446c67593771616133554b362d37645a464c31343239557649683039795f456e4a3358396458485470727156726536735670414d51513d3d', '\x674141414141426359414a70593954316b4e4c3265692d686b7a6d346e467a436a7078554e39734e774436517a334e5763425556756d6548314238797646414c6f677a364d2d785f305431436876784d7545502d5744305731344b4c6f57736334304357736a6b647548634858676b5467347a484d67513d', '$2b$12$zwS7/Ooy3pnXfg.C9efU4uXhnDxWVUFggQOJ3BZXDrDr4ogNkN65K', '9c06d92d58a6c3f38fd5dcffef58fedc5502684b1acd4bbede9980803175471a');
INSERT INTO public.scene (id, name, description, correctness_hash, name_bi) VALUES (2, '\x674141414141426359414a6f484f56666872453458356459447767503478583132697239663768327832374a5a43586e3533545231314c676f58356365424e4e58446335747946332d426f357859435f5865746e54524c2d50503243376a6b4c6b673d3d', '\x674141414141426359414a6f625f6a5763437857546271674656573861705267624d78343041684374576348796f3750466c3579775a45325134474e7157325a37694a696d5378366d7533307a663654547a4c4e79592d5a7566684f436861707a5443476e5246733363677a344e3871447256796830727068696a71343551515a44462d4849714b4872576d', '$2b$12$C7jaNqHg2Eczm3PxmmJJgOcAKC7Sl/G0WTJV0GHB.lUg46pBSqCJ2', '0b0a367318926df75879294f1520905ba72d8f1bebe64865645a7e108bfaf3e4');
INSERT INTO public.scene (id, name, description, correctness_hash, name_bi) VALUES (3, '\x674141414141426359414a6f486f6e3776324c4c4f524a4e525830334b4f57545471756d597973336449616c38322d534b4a5763436131385434386a4e57533572395f524a6e7a462d31506635673339314141722d4a6965386c6a6342466f3868673d3d', '\x674141414141426359414a6f46454678534d4c4b6a6e3567633059362d4a4b7249726c316e4d7a3866567a34527766594f56417950364e746e33647573656f66337a564e61593246325f45305a70703056735f4e50724d6f66774742787465703548696b765f76526342704271727a72396154355961723664483366415a364f304d4a6f34526a3779696245', '$2b$12$Z2UTx5oghO1yKLK4LzOEl.H3G71XqERwp9mu8X7nligQ31xEZGPLK', '304d22d3a3443b03d6220b346765c936cc9dfc79c016f1dfb83266352a3c110e');
INSERT INTO public.scene (id, name, description, correctness_hash, name_bi) VALUES (4, '\x6741414141414263757676377636526935724b5f59575175735836396335575361455162386630796e746d327573654c6173436e45555145417339324e4b5f784f4d6c3435686c333557674a53705a613932685137673273447965453742496e35513d3d', '\x67414141414142637576763746592d5f7936546933684d4c4579416655325a34384b5f766a424269746d434134484772646d6754794d48787a43386c5a6975396e6e4a49494d494972384c7346534555676f736c614c2d753361676c735a797377416479577a57326a58795a356544394958383479516244316f42456653327265314e6b654a4d64333654364a436e777670426669334d51687a56655f524f7358673d3d', '$2b$12$rBTqWX94k8UwGFpyvL.rZesP5hARtP1qK6g8CikiZxF/NVtNkPX5u', 'e7ce4ded60cd9e5c0bf4edb6cb9375027377aeb584f15de8b22573005ad8818b');

INSERT INTO public.scene_action (scene_id, action_id) VALUES (2, 5);
INSERT INTO public.scene_action (scene_id, action_id) VALUES (3, 6);
INSERT INTO public.scene_action (scene_id, action_id) VALUES (1, 1);
INSERT INTO public.scene_action (scene_id, action_id) VALUES (3, 4);
INSERT INTO public.scene_action (scene_id, action_id) VALUES (2, 4);
INSERT INTO public.scene_action (scene_id, action_id) VALUES (2, 3);
INSERT INTO public.scene_action (scene_id, action_id) VALUES (4, 7);
INSERT INTO public.scene_action (scene_id, action_id) VALUES (4, 10);
INSERT INTO public.scene_action (scene_id, action_id) VALUES (4, 9);

INSERT INTO public.user_device (user_id, device_id, device_public_session_key, added) VALUES (1, 23, NULL, NULL);
INSERT INTO public.user_device (user_id, device_id, device_public_session_key, added) VALUES (2, 45, NULL, NULL);
INSERT INTO public.user_device (user_id, device_id, device_public_session_key, added) VALUES (2, 34, NULL, NULL);
INSERT INTO public.user_device (user_id, device_id, device_public_session_key, added) VALUES (2, 37, NULL, NULL);
INSERT INTO public.user_device (user_id, device_id, device_public_session_key, added) VALUES (5, 46, NULL, NULL);
INSERT INTO public.user_device (user_id, device_id, device_public_session_key, added) VALUES (5, 47, NULL, NULL);
INSERT INTO public.user_device (user_id, device_id, device_public_session_key, added) VALUES (6, 46, NULL, NULL);

SELECT pg_catalog.setval('public.acl_id_seq', 44, true);
SELECT pg_catalog.setval('public.action_id_seq', 11, true);
SELECT pg_catalog.setval('public.device_data_id_seq', 29, true);
SELECT pg_catalog.setval('public.device_id_seq', 47, true);
SELECT pg_catalog.setval('public.device_type_id_seq', 1, true);
SELECT pg_catalog.setval('public.mqtt_user_id_seq', 12, true);
SELECT pg_catalog.setval('public.scene_id_seq', 4, true);
SELECT pg_catalog.setval('public.user_id_seq', 7, false);


-- public.device_data.added was converted as `int(time.mktime(parser.parse('2018-12-11 00:00:00+00').timetuple()))`

-- To dump insert statements from database:
-- (You need to be in directory from which you started DB with `docker-compose up`, e.g. `/postgres`)
-- docker exec -it $(docker-compose ps -q ) pg_dump -U<user> --column-inserts --data-only <db_name> > backup.sql
-- docker exec -it $(docker-compose ps -q ) pg_dump -Upostgres --column-inserts --data-only postgres > backup.sql